0,0,0,0,0,0,0
50,0,0,0,0,0,0
100,0,0,0,0,0,0
150,0,0,0,0,0,0
200,0,0,0,0,0,0
250,0,0,0,0,0,0
300,0,0,0,0,0,0
350,0,0,0,0,0,0
400,0,0,0,0,0,0
450,0,0,0,0,0,0
500,0,0,0,0,0,0
550,0,0,0,0,0,0
600,0,0,0,0,0,0
650,0,0,0,0,0,0
700,0,0,0,0,0,0
750,0,0,0,0,0,0
800,0,0,0,0,0,0
850,0,0,0,0,0,0
900,0,0,0,0,0,0
950,0,0,0,0,0,0
1000,0,0,0,0,0,0
1050,0,0,0,0,0,0
1100,0,0,0,0,0,0
1150,0,0,0,0,0,0
1200,0,0,0,0,0,0
1250,0,0,0,0,0,0
1300,0,0,0,0,255,0
1350,0,0,0,0,255,0
1400,0,0,0,0,255,0
1450,0,0,0,0,255,0
1500,0,0,0,0,255,0
1550,0,0,0,0,255,0
1600,0,0,0,0,255,0
1650,0,0,0,0,255,0
1700,0,0,0,0,255,0
1750,0,0,0,0,255,0
1800,0,0,0,0,255,0
1850,0,0,0,0,255,0
1900,0,0,0,0,255,0
1950,0,0,0,0,255,0
2000,0,0,0,0,255,0
2050,0,0,0,0,255,0
2100,0,0,0,0,255,0
2150,0,0,0,0,255,0
2200,0,0,0,0,0,0
2250,0,0,0,0,0,0
2300,0,0,0,0,0,0
2350,0,0,0,0,0,0
2400,0,0,0,0,0,0
2450,0,0,0,255,0,0
2500,0,0,0,255,0,0
2550,0,0,0,255,0,0
2600,0,0,0,255,0,0
2650,0,0,0,255,0,0
2700,0,0,0,255,0,0
2750,0,0,0,255,0,0
2800,0,0,0,255,0,0
2850,0,0,0,255,0,0
2900,0,0,0,255,0,0
2950,0,0,0,255,0,0
3000,0,0,0,255,0,0
3050,0,0,0,255,0,0
3100,0,0,0,255,0,0
3150,0,0,0,255,0,0
3200,0,0,0,255,0,0
3250,0,0,0,255,0,0
3300,0,0,0,255,0,0
3350,0,0,0,255,0,0
3400,0,0,0,255,0,0
3450,0,0,0,0,0,0
3500,0,0,0,0,0,0
3550,0,0,0,0,0,0
3600,0,0,0,0,0,0
3650,0,0,0,0,0,0
3700,0,0,255,0,0,0
3750,0,0,255,0,0,0
3800,0,0,255,0,0,0
3850,0,0,255,0,0,0
3900,0,0,255,0,0,0
3950,0,0,255,0,0,0
4000,0,0,255,0,0,0
4050,0,0,255,0,0,0
4100,0,0,255,0,0,0
4150,0,0,255,0,0,0
4200,0,0,255,0,0,0
4250,0,0,255,0,0,0
4300,0,0,255,0,0,0
4350,0,0,255,0,0,0
4400,0,0,255,0,0,0
4450,0,0,255,0,0,0
4500,0,0,255,0,0,0
4550,0,0,255,0,0,0
4600,0,0,255,0,0,0
4650,0,0,0,0,0,0
4700,0,0,0,0,0,0
4750,0,0,0,0,0,0
4800,0,0,0,0,0,0
4850,0,0,0,0,0,0
4900,0,255,0,0,0,0
4950,0,255,0,0,0,0
5000,0,255,0,0,0,0
5050,0,255,0,0,0,0
5100,0,255,0,0,0,0
5150,0,255,0,0,0,0
5200,0,255,0,0,0,0
5250,0,255,0,0,0,0
5300,0,255,0,0,0,0
5350,0,255,0,0,0,0
5400,0,255,0,0,0,0
5450,0,255,0,0,0,0
5500,0,255,0,0,0,0
5550,0,255,0,0,0,0
5600,0,255,0,0,0,0
5650,0,255,0,0,0,0
5700,0,255,0,0,0,0
5750,0,255,0,0,0,0
5800,0,255,0,0,0,0
5850,0,0,0,0,0,0
5900,0,0,0,0,0,0
5950,0,0,0,0,0,0
6000,0,0,0,0,0,0
6050,0,0,0,0,0,0
6100,255,0,0,0,0,0
6150,255,0,0,0,0,0
6200,255,0,0,0,0,0
6250,255,0,0,0,0,0
6300,255,0,0,0,0,0
6350,255,0,0,0,0,0
6400,255,0,0,0,0,0
6450,255,0,0,0,0,0
6500,255,0,0,0,0,0
6550,255,0,0,0,0,0
6600,255,0,0,0,0,0
6650,255,0,0,0,0,0
6700,255,0,0,0,0,0
6750,255,0,0,0,0,0
6800,255,0,0,0,0,0
6850,255,0,0,0,0,0
6900,255,0,0,0,0,0
6950,255,0,0,0,0,0
7000,255,0,0,0,0,0
7050,0,0,0,0,0,0
7100,0,0,0,0,0,0
7150,0,0,0,0,0,0
7200,0,0,0,0,0,0
7250,0,0,0,0,0,0
7300,255,255,255,255,255,0
7350,255,255,255,255,255,0
7400,255,255,255,255,255,0
7450,255,255,255,255,255,0
7500,255,255,255,255,255,0
7550,255,255,255,255,255,0
7600,255,255,255,255,255,0
7650,255,255,255,255,255,0
7700,255,255,255,255,255,0
7750,255,255,255,255,255,0
7800,255,255,255,255,255,0
7850,255,255,255,255,255,0
7900,255,255,255,255,255,0
7950,255,255,255,255,255,0
8000,255,255,255,255,255,0
8050,255,255,255,255,255,0
8100,255,255,255,255,255,0
8150,255,255,255,255,255,0
8200,255,255,255,255,255,0
8250,255,255,255,255,255,0
8300,255,255,255,255,255,0
8350,255,255,255,255,255,0
8400,255,255,255,255,255,0
8450,255,255,255,255,255,0
8500,255,255,255,255,255,0
8550,255,255,255,255,255,0
8600,255,255,255,255,255,0
8650,255,255,255,255,255,0
8700,0,255,255,255,0,0
8750,0,255,255,255,0,0
8800,0,255,255,255,0,0
8850,0,255,255,255,0,0
8900,0,255,255,255,0,0
8950,0,255,255,255,0,0
9000,0,255,255,255,0,0
9050,0,255,255,255,0,0
9100,0,255,255,255,0,0
9150,0,255,255,255,0,0
9200,0,255,255,255,0,0
9250,0,255,255,255,0,0
9300,0,255,255,255,0,0
9350,0,0,255,0,0,0
9400,0,0,255,0,0,0
9450,0,0,255,0,0,0
9500,0,0,255,0,0,0
9550,0,0,255,0,0,0
9600,0,0,255,0,0,0
9650,0,0,255,0,0,0
9700,0,0,255,0,0,0
9750,0,0,255,0,0,0
9800,0,0,255,0,0,0
9850,0,0,255,0,0,0
9900,0,0,255,0,0,0
9950,0,0,255,0,0,0
10000,0,0,0,0,0,0
10050,0,0,0,0,0,0
10100,0,0,0,0,0,0
10150,0,0,0,0,0,0
10200,0,0,0,0,0,0
10250,0,0,0,0,0,0
10300,0,0,0,0,0,0
10350,0,0,0,0,0,0
10400,0,0,0,0,0,0
10450,0,0,0,0,0,0
10500,0,0,0,0,0,0
10550,0,0,0,0,0,0
10600,0,0,0,0,0,0
10650,0,0,0,0,0,0
10700,0,0,0,0,0,0
10750,0,0,0,0,0,0
10800,0,0,0,0,0,0
10850,0,0,0,0,0,0
10900,0,0,0,0,0,0
10950,0,0,0,0,0,0
11000,0,0,0,0,0,0
11050,0,0,0,0,0,0
11100,0,0,0,0,0,0
11150,0,0,0,0,0,0
11200,0,0,0,0,0,0
11250,0,0,0,0,0,0
11300,0,0,0,0,0,0
11350,0,0,0,0,0,0
11400,0,0,0,0,0,0
11450,0,0,0,0,0,0
11500,0,0,0,0,0,0
11550,0,0,0,0,0,0
11600,0,0,0,0,0,0
11650,0,0,0,0,0,0
11700,0,0,0,0,0,0
11750,0,0,0,0,0,0
11800,0,0,0,0,0,0
11850,0,0,0,0,0,0
11900,0,0,0,0,0,0
11950,0,0,0,0,0,0
12000,0,0,0,0,0,0
12050,0,0,0,0,0,0
12100,0,0,0,0,0,0
12150,0,0,0,0,0,0
12200,0,0,0,0,0,0
12250,0,0,0,0,0,0
12300,0,0,0,0,0,0
12350,0,0,0,0,0,0
12400,0,0,0,0,0,0
12450,0,0,0,0,0,0
12500,0,0,0,0,0,0
12550,0,0,0,0,0,0
12600,0,0,0,0,0,0
12650,0,0,0,0,0,0
12700,0,0,0,0,0,0
12750,0,0,0,0,0,0
12800,0,0,0,0,0,0
12850,0,0,0,0,0,0
12900,0,0,0,0,0,0
12950,0,0,0,0,0,0
13000,0,0,255,0,0,0
13050,0,0,255,0,0,0
13100,0,0,255,0,0,0
13150,0,0,255,0,0,0
13200,0,0,255,0,0,0
13250,0,0,255,0,0,0
13300,0,0,255,0,0,0
13350,0,0,255,0,0,0
13400,0,0,255,0,0,0
13450,0,0,255,0,0,0
13500,0,0,255,0,0,0
13550,0,0,255,0,0,0
13600,0,0,255,0,0,0
13650,0,0,255,0,0,0
13700,0,255,255,255,0,0
13750,0,255,255,255,0,0
13800,0,255,255,255,0,0
13850,0,255,255,255,0,0
13900,0,255,255,255,0,0
13950,0,255,255,255,0,0
14000,0,255,255,255,0,0
14050,0,255,255,255,0,0
14100,0,255,255,255,0,0
14150,0,255,255,255,0,0
14200,0,255,255,255,0,0
14250,0,255,255,255,0,0
14300,0,255,255,255,0,0
14350,0,255,255,255,0,0
14400,0,255,255,255,0,0
14450,0,255,255,255,0,0
14500,0,255,255,255,0,0
14550,0,255,255,255,0,0
14600,0,255,255,255,0,0
14650,0,255,255,255,0,0
14700,0,255,255,255,0,0
14750,0,255,255,255,0,0
14800,0,255,255,255,0,0
14850,0,255,255,255,0,0
14900,0,255,255,255,0,0
14950,0,255,255,255,0,0
15000,0,255,0,255,0,0
15050,0,0,0,0,255,0
15100,0,0,0,0,255,0
15150,0,0,0,0,255,0
15200,0,0,0,0,255,0
15250,0,0,255,0,255,0
15300,0,0,255,0,0,0
15350,0,0,255,0,0,0
15400,0,0,255,0,0,0
15450,0,0,255,0,0,0
15500,255,0,0,0,0,0
15550,255,0,0,0,0,0
15600,255,0,0,0,0,0
15650,255,0,0,0,0,0
15700,255,0,0,0,0,0
15750,255,0,0,0,0,0
15800,255,0,0,0,0,0
15850,255,0,0,0,0,0
15900,255,0,0,0,0,0
15950,255,0,0,0,0,0
16000,255,0,0,0,0,0
16050,255,0,0,0,0,0
16100,255,0,0,0,0,0
16150,255,0,0,0,0,0
16200,255,0,0,0,0,0
16250,255,0,0,0,0,0
16300,255,0,0,0,0,0
16350,255,0,0,0,0,0
16400,255,0,0,0,0,0
16450,255,0,0,0,0,0
16500,255,0,0,0,0,0
16550,255,0,0,0,0,0
16600,255,0,0,0,0,0
16650,255,0,0,0,0,0
16700,255,0,0,0,0,0
16750,255,0,0,0,0,0
16800,255,0,0,0,0,0
16850,255,0,0,0,0,0
16900,255,0,0,0,0,0
16950,255,0,0,0,0,0
17000,255,0,0,0,0,0
17050,255,0,0,0,0,0
17100,255,0,0,0,0,0
17150,255,0,0,0,0,0
17200,255,0,0,0,0,0
17250,255,0,0,0,0,0
17300,255,0,0,0,0,0
17350,0,0,0,0,0,0
17400,0,0,0,0,0,0
17450,0,0,0,0,0,0
17500,0,0,0,0,0,0
17550,0,0,0,0,0,0
17600,0,0,0,0,0,0
17650,0,0,0,0,0,0
17700,0,0,0,0,0,0
17750,0,0,0,0,0,0
17800,0,0,0,0,0,0
17850,0,0,0,0,0,0
17900,0,0,0,0,0,0
17950,0,0,0,0,0,0
18000,255,255,255,255,255,0
18050,255,255,255,255,255,0
18100,255,255,255,255,255,0
18150,255,255,255,255,255,0
18200,255,255,255,255,255,0
18250,0,0,255,0,0,0
18300,0,0,0,0,0,0
18350,0,0,0,0,0,0
18400,0,0,0,255,0,0
18450,255,255,255,255,255,0
18500,255,255,255,255,255,0
18550,255,255,255,255,255,0
18600,255,255,255,255,255,0
18650,255,255,255,255,255,0
18700,255,255,255,255,255,0
18750,255,255,255,255,255,0
18800,255,255,255,255,255,0
18850,255,255,255,255,255,0
18900,255,255,255,255,255,0
18950,255,255,255,255,255,0
19000,255,255,255,255,255,0
19050,255,255,255,255,255,0
19100,255,255,255,255,255,0
19150,255,255,255,255,255,0
19200,0,255,255,255,255,0
19250,0,255,255,255,255,0
19300,0,255,255,255,255,0
19350,0,255,255,255,255,0
19400,0,255,255,255,255,0
19450,0,255,255,255,255,0
19500,0,255,255,255,255,0
19550,0,0,255,255,255,0
19600,0,0,255,255,255,0
19650,0,0,255,255,255,0
19700,0,0,255,255,255,0
19750,0,0,255,255,255,0
19800,0,0,255,255,255,0
19850,0,0,255,255,255,0
19900,0,0,0,255,255,0
19950,0,0,0,255,255,0
20000,0,0,0,255,255,0
20050,0,0,0,255,255,0
20100,0,0,0,255,255,0
20150,0,0,0,255,255,0
20200,0,0,0,0,255,0
20250,0,0,0,0,255,0
20300,0,0,0,0,255,0
20350,0,0,0,0,255,0
20400,0,0,0,0,255,0
20450,0,0,0,0,255,0
20500,0,0,0,0,255,0
20550,0,0,0,0,0,0
20600,0,0,0,0,0,0
20650,0,0,0,0,0,0
20700,0,0,0,0,0,0
20750,0,0,0,0,0,0
20800,0,0,0,0,0,0
20850,0,0,0,0,0,0
20900,0,0,0,0,0,0
20950,0,0,0,0,0,0
21000,0,0,0,0,0,0
21050,0,0,0,0,0,0
21100,0,0,0,0,0,0
21150,0,0,0,0,0,0
21200,0,0,0,0,0,0
21250,255,0,0,0,0,0
21300,255,0,0,0,0,0
21350,255,0,0,0,0,0
21400,255,0,0,0,0,0
21450,255,0,0,0,0,0
21500,255,0,0,0,0,0
21550,255,0,0,0,0,0
21600,255,0,0,0,0,0
21650,255,0,0,0,0,0
21700,255,0,0,0,0,0
21750,255,0,0,0,0,0
21800,255,0,0,0,0,0
21850,255,255,0,0,0,0
21900,0,255,0,0,0,0
21950,0,255,0,0,0,0
22000,0,255,0,0,0,0
22050,0,255,0,0,0,0
22100,0,255,0,0,0,0
22150,0,255,0,0,0,0
22200,0,255,0,0,0,0
22250,0,255,0,0,0,0
22300,0,255,0,0,0,0
22350,0,255,0,0,0,0
22400,0,255,0,0,0,0
22450,0,255,0,0,0,0
22500,0,255,0,0,0,0
22550,0,255,0,0,0,0
22600,0,255,0,0,0,0
22650,0,255,0,0,0,0
22700,0,0,255,0,0,0
22750,0,0,255,0,0,0
22800,0,0,255,0,0,0
22850,0,0,255,0,0,0
22900,0,0,255,0,0,0
22950,0,0,255,0,0,0
23000,0,0,255,0,0,0
23050,0,0,255,0,0,0
23100,0,0,255,0,0,0
23150,0,0,255,0,0,0
23200,0,0,255,0,0,0
23250,0,0,255,0,0,0
23300,0,0,255,0,0,0
23350,0,0,255,0,0,0
23400,0,0,0,0,0,0
23450,0,0,0,0,0,0
23500,0,0,255,0,0,0
23550,0,0,255,0,0,0
23600,0,0,0,0,0,0
23650,0,0,255,0,0,0
23700,0,0,255,0,0,0
23750,0,0,255,0,0,0
23800,0,0,255,0,0,0
23850,0,0,255,0,0,0
23900,0,0,255,0,0,0
23950,0,0,255,0,0,0
24000,0,0,255,0,0,0
24050,0,0,0,0,0,0
24100,0,0,0,0,0,0
24150,0,0,255,0,0,0
24200,0,0,255,0,0,0
24250,0,0,255,0,0,0
24300,0,0,255,0,0,0
24350,0,0,255,0,0,0
24400,0,0,255,0,0,0
24450,0,0,255,0,0,0
24500,0,0,255,0,0,0
24550,0,0,255,0,0,0
24600,0,0,255,0,0,0
24650,0,0,255,0,0,0
24700,0,255,255,255,0,0
24750,0,255,255,255,0,0
24800,0,255,255,255,0,0
24850,0,255,255,255,0,0
24900,0,255,255,255,0,0
24950,0,255,255,255,0,0
25000,0,255,255,255,0,0
25050,0,255,255,255,0,0
25100,0,255,255,255,0,0
25150,0,255,255,255,0,0
25200,0,255,255,255,0,0
25250,0,255,255,255,0,0
25300,0,255,255,255,0,0
25350,0,255,255,255,0,0
25400,0,255,255,255,0,0
25450,0,255,255,255,0,0
25500,0,255,255,255,0,0
25550,0,255,255,255,0,0
25600,0,255,255,255,0,0
25650,0,255,255,255,0,0
25700,0,255,255,255,0,0
25750,0,255,255,255,0,0
25800,255,255,255,255,255,0
25850,255,255,255,255,255,0
25900,255,255,255,255,255,0
25950,255,255,255,255,255,0
26000,255,255,255,255,255,0
26050,255,255,255,255,255,0
26100,255,255,255,255,255,0
26150,255,255,255,255,255,0
26200,255,255,255,255,255,0
26250,255,255,255,255,255,0
26300,255,255,255,255,255,0
26350,255,255,255,255,255,0
26400,255,255,255,255,255,0
26450,255,255,255,255,255,0
26500,255,255,255,255,255,0
26550,255,255,255,255,255,0
26600,255,255,255,255,255,0
26650,255,255,255,255,255,0
26700,255,255,255,255,255,0
26750,255,255,255,255,255,0
26800,255,255,255,255,255,0
26850,255,255,255,255,255,0
26900,255,255,255,255,255,0
26950,255,255,255,255,255,0
27000,255,255,255,255,255,0
27050,255,255,0,255,255,0
27100,255,255,0,255,255,0
27150,255,255,0,255,255,0
27200,255,255,0,255,255,0
27250,255,255,0,255,255,0
27300,255,255,0,255,255,0
27350,255,255,0,255,255,0
27400,255,255,0,255,255,0
27450,255,255,0,255,255,0
27500,255,255,0,255,255,0
27550,255,255,0,255,255,0
27600,255,255,0,255,255,0
27650,255,255,0,255,255,0
27700,255,255,0,255,255,0
27750,255,255,0,255,255,0
27800,255,255,0,255,255,0
27850,255,255,0,255,255,0
27900,255,255,0,255,255,0
27950,255,255,0,255,255,0
28000,255,255,0,255,255,0
28050,255,255,0,255,255,0
28100,255,255,0,255,255,0
28150,255,0,0,0,255,0
28200,255,0,0,0,255,0
28250,255,0,0,0,255,0
28300,255,0,0,0,255,0
28350,255,0,0,0,255,0
28400,255,0,0,0,255,0
28450,255,0,0,0,255,0
28500,255,0,0,0,255,0
28550,255,0,0,0,255,0
28600,255,0,0,0,255,0
28650,0,0,0,0,255,0
28700,0,0,0,0,0,0
28750,0,0,0,0,0,0
28800,0,0,0,0,0,0
28850,0,0,0,0,0,0
28900,0,0,0,0,0,0
28950,0,0,0,0,0,0
29000,0,0,0,0,0,0
29050,0,0,0,0,0,0
29100,0,0,0,0,0,0
29150,0,0,0,0,0,0
29200,0,0,0,0,0,0
29250,0,0,0,0,0,0
29300,0,0,0,0,0,0
29350,0,0,0,0,0,0
29400,0,0,0,0,0,0
29450,0,0,0,0,0,0
29500,255,0,0,0,0,0
29550,255,0,0,0,0,0
29600,255,0,0,0,0,0
29650,255,0,0,0,0,0
29700,255,0,0,0,0,0
29750,255,255,0,0,0,0
29800,255,255,0,0,0,0
29850,255,255,0,0,0,0
29900,255,255,0,0,0,0
29950,255,255,0,0,0,0
30000,255,255,0,0,0,0
30050,255,255,255,0,0,0
30100,255,255,255,0,0,0
30150,255,255,255,0,0,0
30200,255,255,255,0,0,0
30250,255,255,255,0,0,0
30300,255,255,255,0,0,0
30350,255,255,255,0,0,0
30400,255,255,255,0,0,0
30450,255,255,255,0,0,0
30500,255,255,255,0,0,0
30550,255,255,255,0,0,0
30600,255,255,255,0,0,0
30650,255,255,255,0,0,0
30700,255,255,255,0,0,0
30750,255,255,255,0,0,0
30800,255,255,255,0,0,0
30850,255,255,255,0,0,0
30900,255,255,255,0,0,0
30950,255,255,255,0,0,0
31000,255,255,255,0,0,0
31050,255,255,255,0,0,0
31100,255,255,255,0,0,0
31150,255,255,255,0,0,0
31200,255,255,255,0,0,0
31250,255,255,255,0,0,0
31300,255,255,255,0,0,0
31350,0,255,255,0,0,0
31400,0,0,0,0,255,0
31450,0,0,0,255,255,0
31500,0,0,0,255,255,0
31550,0,0,0,255,255,0
31600,0,0,0,255,255,0
31650,0,0,0,255,255,0
31700,0,0,0,0,0,0
31750,0,0,0,0,0,0
31800,0,0,0,0,0,0
31850,0,0,0,0,0,0
31900,0,0,0,0,0,0
31950,0,0,0,0,0,0
32000,0,0,0,0,0,0
32050,0,0,0,0,0,0
32100,0,0,0,0,0,0
32150,0,0,0,0,0,0
32200,0,0,0,0,0,0
32250,0,0,0,0,0,0
32300,0,0,0,0,0,0
32350,0,0,0,0,0,0
32400,0,0,0,0,0,0
32450,0,0,0,0,0,0
32500,0,0,0,0,0,0
32550,255,0,0,0,0,0
32600,255,0,0,0,0,0
32650,255,0,0,0,0,0
32700,255,0,0,0,0,0
32750,255,0,0,0,0,0
32800,255,0,0,0,0,0
32850,255,0,0,0,0,0
32900,255,255,0,0,0,0
32950,255,255,0,0,0,0
33000,255,255,0,0,0,0
33050,255,255,0,0,0,0
33100,255,255,0,0,0,0
33150,255,255,0,0,0,0
33200,255,255,0,0,0,0
33250,255,255,0,0,0,0
33300,255,255,0,0,0,0
33350,255,255,0,0,0,0
33400,255,255,0,0,0,0
33450,255,255,0,0,0,0
33500,255,255,0,0,0,0
33550,255,255,0,0,0,0
33600,255,255,0,0,0,0
33650,255,255,0,0,0,0
33700,255,255,0,0,0,0
33750,255,255,0,0,0,0
33800,255,255,0,0,0,0
33850,255,255,0,0,0,0
33900,255,255,0,0,0,0
33950,255,255,0,0,0,0
34000,255,255,0,0,0,0
34050,255,255,0,0,0,0
34100,255,255,0,0,0,0
34150,255,255,0,0,0,0
34200,255,255,0,0,0,0
34250,255,255,0,0,0,0
34300,255,255,0,0,0,0
34350,255,255,0,0,0,0
34400,255,255,0,0,0,0
34450,255,255,0,0,0,0
34500,255,255,0,0,0,0
34550,255,255,0,0,0,0
34600,0,0,0,0,0,0
34650,0,0,0,0,0,0
34700,0,0,0,0,0,0
34750,0,0,0,0,0,0
34800,0,0,0,0,0,0
34850,0,0,0,0,0,0
34900,0,0,0,0,0,0
34950,0,0,0,0,0,0
35000,0,0,0,0,0,0
35050,0,0,0,0,0,0
35100,0,0,0,0,0,0
35150,0,0,0,0,0,0
35200,0,0,0,0,0,0
35250,0,0,0,0,0,0
35300,0,0,0,0,0,0
35350,0,0,255,0,0,0
35400,0,0,255,0,0,0
35450,0,0,255,0,0,0
35500,0,0,255,0,0,0
35550,0,0,255,0,0,0
35600,0,0,255,0,0,0
35650,0,0,255,0,0,0
35700,0,0,255,0,0,0
35750,0,0,255,0,0,0
35800,0,0,0,0,0,0
35850,0,0,0,0,0,0
35900,0,0,0,0,0,0
35950,0,0,0,0,0,0
36000,0,0,0,0,0,0
36050,0,0,0,255,0,0
36100,0,0,0,255,0,0
36150,0,0,0,255,0,0
36200,0,0,0,255,0,0
36250,0,0,0,255,0,0
36300,0,0,0,255,0,0
36350,0,0,0,255,0,0
36400,0,0,0,0,255,0
36450,0,0,0,0,255,0
36500,0,0,0,0,255,0
36550,0,0,0,0,255,0
36600,0,0,0,0,255,0
36650,0,0,0,0,255,0
36700,0,0,0,0,255,0
36750,0,0,0,0,255,0
36800,0,0,0,0,255,0
36850,0,0,0,0,255,0
36900,0,0,0,0,255,0
36950,0,0,0,0,255,0
37000,0,0,0,0,255,0
37050,0,0,0,0,255,0
37100,0,0,0,0,0,0
37150,0,0,0,0,0,0
37200,0,0,0,0,0,0
37250,0,0,0,0,0,0
37300,0,0,0,0,0,0
37350,0,0,0,0,0,0
37400,0,0,0,0,0,0
37450,0,0,0,0,0,0
37500,0,0,0,0,0,0
37550,0,0,0,0,0,0
37600,0,0,255,0,0,0
37650,0,0,255,0,0,0
37700,0,0,255,0,0,0
37750,0,0,255,0,0,0
37800,0,0,255,0,0,0
37850,0,0,255,0,0,0
37900,255,0,0,0,0,0
37950,255,0,0,0,0,0
38000,255,0,0,0,0,0
38050,255,0,0,0,0,0
38100,255,0,0,0,0,0
38150,255,0,0,0,0,0
38200,255,0,0,0,0,0
38250,255,0,0,0,0,0
38300,255,0,0,0,0,0
38350,255,0,0,0,0,0
38400,255,0,0,0,0,0
38450,255,0,0,0,0,0
38500,255,0,0,0,0,0
38550,255,0,0,0,0,0
38600,255,0,0,0,0,0
38650,255,0,0,0,0,0
38700,255,0,0,0,0,0
38750,255,0,0,0,0,0
38800,255,0,0,0,0,0
38850,255,0,0,0,0,0
38900,255,0,0,0,0,0
38950,255,0,0,0,0,0
39000,255,0,0,0,0,0
39050,255,0,0,0,0,0
39100,255,0,0,0,0,0
39150,255,0,0,0,0,0
39200,255,0,0,0,0,0
39250,0,0,0,0,0,0
39300,0,0,0,0,0,0
39350,0,0,0,0,0,0
39400,0,0,0,0,0,0
39450,0,0,0,0,0,0
39500,0,0,0,0,0,0
39550,0,0,0,0,0,0
39600,0,0,0,0,0,0
39650,0,0,0,0,0,0
39700,0,0,0,0,0,0
39750,0,0,0,0,0,0
39800,0,0,255,0,0,0
39850,0,0,255,0,0,0
39900,0,0,255,0,0,0
39950,0,0,255,0,0,0
40000,0,0,255,0,0,0
40050,0,255,0,255,0,0
40100,0,255,0,255,0,0
40150,0,255,0,255,0,0
40200,0,255,0,255,0,0
40250,0,255,0,255,0,0
40300,0,255,0,255,0,0
40350,0,255,0,255,0,0
40400,0,255,0,255,0,0
40450,0,255,0,255,0,0
40500,0,255,0,255,0,0
40550,0,255,0,255,0,0
40600,0,255,0,255,0,0
40650,0,255,0,255,0,0
40700,0,255,0,255,0,0
40750,0,255,0,255,0,0
40800,0,255,0,255,0,0
40850,0,255,0,255,0,0
40900,0,255,0,255,0,0
40950,0,255,0,255,0,0
41000,0,255,0,255,0,0
41050,0,0,0,0,0,0
41100,0,0,0,0,0,0
41150,0,0,0,0,0,0
41200,0,0,0,0,0,0
41250,0,0,0,0,0,0
41300,0,0,0,0,0,0
41350,0,0,0,0,0,0
41400,0,0,0,0,0,0
41450,0,0,0,0,0,0
41500,0,0,0,0,0,0
41550,0,0,0,0,0,0
41600,0,0,0,0,0,0
41650,0,0,0,0,0,0
41700,0,0,0,0,0,0
41750,0,0,0,0,0,0
41800,0,0,0,0,0,0
41850,0,0,0,0,0,0
41900,0,0,0,0,0,0
41950,0,0,0,0,0,0
42000,0,0,0,0,0,0
42050,0,0,0,0,0,0
42100,0,0,0,0,0,0
42150,0,0,0,0,0,0
42200,0,0,0,0,0,0
42250,0,0,0,0,0,0
42300,0,0,0,0,0,0
42350,0,0,0,0,0,0
42400,0,0,0,0,0,0
42450,0,0,0,0,0,0
42500,0,0,0,0,0,0
42550,255,0,0,0,0,0
42600,255,0,0,0,0,0
42650,255,0,0,0,0,0
42700,255,0,0,0,0,0
42750,255,0,0,0,0,0
42800,255,0,0,0,0,0
42850,255,0,0,0,0,0
42900,255,0,0,0,0,0
42950,255,0,0,0,0,0
43000,255,0,0,0,0,0
43050,255,0,0,0,0,0
43100,255,0,0,0,0,0
43150,0,255,0,0,0,0
43200,0,255,0,0,0,0
43250,0,255,0,0,0,0
43300,0,255,0,0,0,0
43350,0,255,0,0,0,0
43400,0,0,255,0,0,0
43450,0,0,255,0,0,0
43500,0,0,255,0,0,0
43550,0,0,255,0,0,0
43600,0,0,255,0,0,0
43650,0,0,255,0,0,0
43700,0,0,255,0,0,0
43750,0,0,255,0,0,0
43800,0,0,255,0,0,0
43850,0,0,255,0,0,0
43900,0,0,0,0,0,0
43950,0,0,0,0,0,0
44000,0,0,0,0,0,0
44050,0,0,0,0,0,0
44100,0,0,0,0,0,0
44150,0,0,0,0,0,0
44200,0,0,0,0,0,0
44250,0,0,0,0,0,0
44300,0,0,0,0,0,0
44350,0,0,0,255,0,0
44400,0,0,0,255,0,0
44450,0,0,0,255,0,0
44500,0,0,0,255,255,0
44550,0,0,0,255,255,0
44600,0,0,0,255,255,0
44650,0,0,0,255,255,0
44700,0,0,0,255,255,0
44750,0,0,0,255,255,0
44800,0,0,0,255,255,0
44850,0,0,0,255,255,0
44900,0,0,0,0,255,0
44950,0,0,0,0,0,0
45000,0,0,0,0,0,0
45050,0,0,0,0,0,0
45100,0,0,0,0,0,0
45150,0,0,0,0,0,0
45200,0,0,0,0,0,0
45250,0,0,0,0,0,0
45300,0,0,0,0,0,0
45350,0,0,0,0,0,0
45400,0,0,0,0,0,0
45450,0,0,0,0,0,0
45500,0,0,0,0,0,0
45550,0,0,0,0,0,0
45600,0,0,0,0,0,0
45650,0,0,0,0,0,0
45700,0,0,0,0,0,0
45750,0,0,0,0,255,0
45800,0,0,0,0,255,0
45850,0,0,0,0,255,0
45900,0,0,0,0,255,0
45950,0,0,0,0,255,0
46000,0,0,0,0,255,0
46050,0,0,0,0,0,0
46100,0,0,0,0,0,0
46150,0,0,0,0,0,0
46200,0,0,0,255,0,0
46250,0,0,0,255,0,0
46300,0,0,0,255,0,0
46350,0,0,0,255,0,0
46400,0,0,0,255,0,0
46450,0,0,0,255,0,0
46500,0,0,0,0,0,0
46550,0,0,0,0,0,0
46600,0,0,0,0,0,0
46650,0,0,0,0,0,0
46700,0,0,255,0,0,0
46750,0,0,255,0,0,0
46800,0,0,255,0,0,0
46850,0,0,255,0,0,0
46900,0,0,255,0,0,0
46950,0,0,255,0,0,0
47000,0,0,0,0,0,0
47050,0,0,0,0,0,0
47100,0,0,0,0,0,0
47150,0,0,0,0,0,0
47200,0,255,0,0,0,0
47250,0,255,0,0,0,0
47300,0,255,0,0,0,0
47350,0,255,0,0,0,0
47400,0,255,0,0,0,0
47450,0,255,0,0,0,0
47500,0,0,0,0,0,0
47550,0,0,0,0,0,0
47600,0,0,0,0,0,0
47650,0,0,0,0,0,0
47700,255,0,0,0,0,0
47750,255,0,0,0,0,0
47800,255,0,0,0,0,0
47850,255,0,0,0,0,0
47900,255,0,0,0,0,0
47950,255,0,0,0,0,0
48000,0,0,0,0,0,0
48050,0,0,0,0,0,0
48100,0,0,0,0,0,0
48150,0,255,0,0,0,0
48200,0,255,0,0,0,0
48250,0,255,0,0,0,0
48300,0,255,0,0,0,0
48350,0,255,0,0,0,0
48400,0,0,0,0,0,0
48450,0,0,0,0,0,0
48500,0,0,0,0,0,0
48550,0,0,0,0,0,0
48600,0,0,255,0,0,0
48650,0,0,255,0,0,0
48700,0,0,255,0,0,0
48750,0,0,255,0,0,0
48800,0,0,255,0,0,0
48850,0,0,255,0,0,0
48900,0,0,0,0,0,0
48950,0,0,0,0,0,0
49000,0,0,0,0,0,0
49050,0,0,0,255,0,0
49100,0,0,0,255,0,0
49150,0,0,0,255,0,0
49200,0,0,0,255,0,0
49250,0,0,0,255,0,0
49300,0,0,0,0,0,0
49350,0,0,0,0,0,0
49400,0,0,0,0,0,0
49450,0,0,0,0,0,0
49500,0,0,0,0,0,0
49550,0,0,0,0,0,0
49600,0,0,0,0,0,0
49650,0,0,0,0,0,0
49700,0,0,0,0,255,0
49750,0,0,0,0,255,0
49800,0,0,0,0,255,0
49850,0,0,0,0,255,0
49900,0,0,0,0,255,0
49950,0,0,0,0,255,0
50000,0,0,0,0,255,0
50050,0,0,0,0,255,0
50100,0,0,0,0,255,0
50150,0,0,0,0,255,0
50200,0,0,0,0,255,0
50250,0,0,0,0,255,0
50300,0,0,0,0,255,0
50350,0,0,0,0,255,0
50400,0,0,0,0,255,0
50450,0,0,0,0,255,0
50500,0,0,0,0,255,0
50550,0,0,0,0,255,0
50600,0,0,0,0,255,0
50650,0,0,0,0,255,0
50700,0,0,0,0,255,0
50750,0,0,0,0,255,0
50800,0,0,0,0,255,0
50850,0,0,0,0,255,0
50900,0,0,0,0,255,0
50950,0,0,0,0,255,0
51000,0,0,0,0,255,0
51050,0,0,0,0,255,0
51100,0,0,0,0,255,0
51150,0,0,0,0,255,0
51200,0,0,0,0,255,0
51250,0,0,0,0,255,0
51300,0,0,0,0,255,0
51350,0,0,0,0,255,0
51400,0,0,0,0,255,0
51450,0,0,0,0,255,0
51500,0,0,0,0,255,0
51550,0,0,0,0,255,0
51600,0,0,0,0,255,0
51650,0,0,0,0,255,0
51700,0,0,0,0,255,0
51750,0,0,0,0,255,0
51800,0,0,0,0,255,0
51850,0,0,0,0,255,0
51900,0,0,0,0,255,0
51950,0,0,0,0,255,0
52000,0,0,0,0,255,0
52050,0,0,0,0,255,0
52100,0,0,0,0,255,0
52150,0,0,0,0,255,0
52200,0,0,0,0,255,0
52250,0,0,0,0,255,0
52300,0,0,0,0,255,0
52350,0,0,0,0,255,0
52400,0,0,0,0,255,0
52450,0,0,0,0,255,0
52500,0,0,0,0,255,0
52550,0,0,0,0,255,0
52600,0,0,0,255,255,0
52650,0,0,0,255,255,0
52700,0,0,0,255,255,0
52750,0,0,0,255,255,0
52800,0,0,0,255,255,0
52850,0,0,0,255,255,0
52900,0,0,0,255,255,0
52950,0,0,0,255,255,0
53000,0,0,0,255,255,0
53050,0,0,0,255,255,0
53100,0,0,0,255,255,0
53150,0,0,0,255,255,0
53200,0,0,0,255,255,0
53250,0,0,255,255,255,0
53300,0,0,255,255,255,0
53350,0,0,255,255,255,0
53400,0,0,255,255,255,0
53450,0,0,255,255,255,0
53500,0,0,255,255,255,0
53550,0,0,255,255,255,0
53600,0,0,255,255,255,0
53650,0,0,255,255,255,0
53700,0,0,255,255,255,0
53750,0,0,255,255,255,0
53800,0,0,255,255,255,0
53850,0,0,255,255,255,0
53900,0,0,255,255,255,0
53950,0,0,255,255,255,0
54000,0,0,0,255,255,0
54050,0,0,0,0,0,0
54100,0,0,0,0,0,0
54150,0,0,0,0,0,0
54200,0,0,0,0,0,0
54250,0,0,0,0,0,0
54300,0,0,0,0,0,0
54350,0,0,0,0,0,0
54400,0,0,0,0,0,0
54450,0,0,0,0,0,0
54500,0,0,0,0,0,0
54550,0,0,0,0,0,0
54600,0,0,0,0,0,0
54650,0,255,0,0,0,0
54700,0,255,0,0,0,0
54750,0,255,0,0,0,0
54800,0,255,0,0,0,0
54850,0,255,255,0,0,0
54900,0,255,255,0,0,0
54950,0,255,255,0,0,0
55000,0,255,255,0,0,0
55050,0,255,255,255,0,0
55100,0,255,255,255,0,0
55150,0,255,255,0,255,0
55200,0,255,255,0,255,0
55250,0,255,255,255,0,0
55300,0,255,255,255,0,0
55350,0,255,255,0,255,0
55400,0,255,255,0,255,0
55450,0,255,255,255,0,0
55500,0,255,255,255,0,0
55550,0,255,255,0,255,0
55600,0,255,255,255,255,0
55650,0,255,255,255,0,0
55700,0,255,255,0,255,0
55750,0,255,255,0,255,0
55800,0,255,255,255,0,0
55850,0,255,255,255,0,0
55900,0,255,255,0,255,0
55950,0,255,255,0,255,0
56000,0,255,255,255,0,0
56050,0,255,255,255,0,0
56100,0,255,255,0,255,0
56150,0,255,255,0,255,0
56200,0,255,255,255,0,0
56250,0,255,255,255,0,0
56300,0,255,255,0,255,0
56350,0,255,255,0,255,0
56400,0,255,255,255,0,0
56450,0,255,255,255,0,0
56500,0,255,255,0,255,0
56550,0,255,255,0,255,0
56600,0,255,255,255,0,0
56650,0,255,255,255,0,0
56700,0,255,255,0,255,0
56750,0,255,255,0,255,0
56800,0,255,255,0,0,0
56850,0,0,0,0,0,0
56900,0,0,0,0,0,0
56950,0,0,0,0,0,0
57000,0,0,0,0,0,0
57050,0,0,0,0,0,0
57100,0,0,0,0,0,0
57150,0,0,0,0,0,0
57200,0,0,0,0,0,0
57250,0,0,0,0,0,0
57300,0,0,0,0,0,0
57350,0,255,255,0,0,0
57400,255,255,255,255,255,0
57450,255,255,255,255,255,0
57500,255,255,255,255,255,0
57550,255,255,255,255,255,0
57600,255,255,255,255,255,0
57650,255,255,255,255,255,0
57700,0,0,0,0,0,0
57750,0,0,0,0,0,0
57800,0,0,0,0,0,0
57850,255,255,255,255,255,0
57900,255,255,255,255,255,0
57950,255,255,255,255,255,0
58000,255,255,255,255,255,0
58050,255,255,255,255,255,0
58100,255,255,255,255,255,0
58150,255,255,255,255,255,0
58200,0,0,0,0,0,0
58250,0,0,0,0,0,0
58300,0,0,0,0,0,0
58350,0,0,0,0,0,0
58400,0,0,0,0,0,0
58450,0,0,0,0,0,0
58500,0,0,0,0,0,0
58550,0,0,0,0,0,0
58600,0,0,0,0,0,0
58650,0,0,0,0,0,0
58700,0,0,0,0,0,0
58750,0,0,0,0,0,0
58800,0,0,0,0,0,0
58850,0,0,0,0,0,0
58900,0,0,0,0,0,0
58950,0,0,0,0,0,0
59000,0,0,0,0,0,0
59050,0,0,0,0,0,0
59100,0,0,0,0,0,0
59150,0,0,0,0,0,0
59200,0,0,0,0,0,0
59250,0,0,0,0,0,0
59300,0,0,0,0,0,0
59350,0,0,0,0,0,0
59400,0,0,0,0,0,0
59450,0,0,0,0,0,0
59500,0,0,0,0,0,0
59550,0,0,0,0,0,0
59600,0,0,0,0,0,0
59650,0,0,0,0,0,0
59700,0,0,0,0,0,0
59750,0,0,0,0,0,0
59800,0,0,0,0,0,0
59850,0,0,0,0,0,0
59900,0,0,0,0,0,0
59950,0,0,0,0,0,0
60000,0,0,0,0,0,0
60050,0,0,0,0,0,0
60100,0,0,0,0,0,0
60150,0,0,0,0,0,0
60200,0,0,0,0,0,0
60250,0,0,0,0,0,0
60300,0,0,0,0,0,0
60350,0,0,0,0,0,0
60400,0,0,0,0,0,0
60450,0,0,0,0,0,0
60500,0,0,0,0,0,0
60550,0,0,0,0,0,0
60600,0,0,0,0,0,0
60650,0,0,0,0,0,0
60700,0,0,0,0,0,0
60750,0,0,0,0,0,0
60800,0,0,0,0,0,0
60850,0,0,0,0,0,0
60900,0,0,0,0,0,0
60950,0,0,0,0,0,0
61000,0,0,255,0,0,0
61050,0,0,255,0,0,0
61100,0,0,255,0,0,0
61150,0,0,255,0,0,0
61200,0,255,255,255,0,0
61250,0,255,0,255,0,0
61300,0,255,0,255,0,0
61350,0,255,0,255,0,0
61400,0,255,0,255,0,0
61450,0,255,0,255,0,0
61500,0,255,0,255,0,0
61550,255,0,0,0,255,0
61600,255,0,0,0,255,0
61650,255,0,0,0,255,0
61700,255,0,0,0,255,0
61750,255,0,0,0,255,0
61800,255,0,0,0,255,0
61850,255,0,0,0,255,0
61900,255,0,0,0,255,0
61950,255,0,0,0,255,0
62000,255,0,0,0,255,0
62050,255,0,0,0,255,0
62100,255,0,0,0,255,0
62150,255,0,0,0,255,0
62200,255,0,0,0,255,0
62250,255,0,0,0,255,0
62300,255,0,0,0,255,0
62350,0,0,0,0,0,0
62400,0,0,0,0,0,0
62450,0,0,0,0,0,0
62500,0,0,0,0,0,0
62550,0,0,0,0,0,0
62600,0,0,0,0,0,0
62650,255,0,0,0,255,0
62700,255,0,0,0,255,0
62750,255,0,0,0,255,0
62800,255,0,0,0,255,0
62850,255,0,0,0,255,0
62900,255,0,0,0,255,0
62950,255,0,0,0,255,0
63000,255,0,0,0,255,0
63050,255,0,0,0,255,0
63100,255,0,0,0,255,0
63150,255,0,0,0,255,0
63200,255,0,0,0,255,0
63250,255,0,0,0,255,0
63300,0,255,255,255,0,0
63350,0,255,255,255,0,0
63400,0,255,255,255,0,0
63450,0,255,255,255,0,0
63500,0,255,255,255,0,0
63550,0,255,255,255,0,0
63600,0,255,255,255,0,0
63650,0,255,255,0,0,0
63700,0,0,0,0,0,0
63750,0,0,0,0,0,0
63800,0,0,0,0,0,0
63850,0,0,0,0,0,0
63900,0,0,0,0,0,0
63950,0,0,0,0,0,0
64000,0,0,0,0,0,0
64050,0,0,0,0,0,0
64100,0,0,0,0,0,0
64150,0,0,0,0,0,0
64200,0,0,0,0,0,0
64250,0,0,0,0,0,0
64300,0,0,0,0,0,0
64350,0,0,0,0,0,0
64400,0,0,0,0,0,0
64450,0,0,0,0,0,0
64500,0,0,0,0,0,0
64550,0,0,0,0,0,0
64600,0,0,0,0,0,0
64650,0,0,0,0,0,0
64700,0,0,0,0,0,0
64750,0,0,0,0,0,0
64800,0,0,0,0,0,0
64850,0,0,0,0,0,0
64900,0,0,0,0,0,0
64950,255,0,0,0,0,0
65000,255,0,0,0,0,0
65050,255,0,0,0,0,0
65100,255,0,0,0,0,0
65150,255,0,0,0,0,0
65200,255,0,0,0,0,0
65250,255,255,0,0,0,0
65300,0,255,0,0,0,0
65350,0,255,0,0,0,0
65400,0,255,0,0,0,0
65450,0,255,0,0,0,0
65500,0,0,255,0,0,0
65550,0,0,255,0,0,0
65600,0,0,255,0,0,0
65650,0,0,255,0,0,0
65700,0,0,255,0,0,0
65750,0,0,255,0,0,0
65800,0,0,255,0,0,0
65850,0,0,255,0,0,0
65900,0,0,255,0,0,0
65950,0,0,255,0,0,0
66000,0,0,255,255,0,0
66050,0,0,0,255,0,0
66100,0,0,0,255,0,0
66150,0,0,0,255,0,0
66200,0,0,0,255,0,0
66250,0,0,0,255,0,0
66300,0,0,0,255,0,0
66350,0,0,0,255,0,0
66400,0,0,0,255,255,0
66450,0,0,0,0,255,0
66500,0,0,0,0,255,0
66550,0,0,0,0,255,0
66600,0,0,0,0,255,0
66650,0,0,0,0,255,0
66700,0,0,0,0,255,0
66750,0,0,0,0,255,0
66800,0,0,0,0,255,0
66850,0,0,0,0,255,0
66900,0,0,0,0,255,0
66950,0,0,0,0,255,0
67000,0,0,0,0,255,0
67050,0,0,0,255,0,0
67100,0,0,0,255,0,0
67150,0,0,255,255,0,0
67200,0,0,255,0,0,0
67250,0,0,255,0,0,0
67300,0,255,0,0,0,0
67350,0,255,0,0,0,0
67400,255,255,0,0,0,0
67450,255,0,0,0,0,0
67500,255,0,0,0,0,0
67550,255,255,0,0,0,0
67600,0,255,0,0,0,0
67650,0,255,0,0,0,0
67700,0,255,255,0,0,0
67750,0,0,255,0,0,0
67800,0,0,255,0,0,0
67850,0,0,255,255,0,0
67900,0,0,0,255,0,0
67950,0,0,0,255,0,0
68000,0,0,0,0,255,0
68050,0,0,0,0,255,0
68100,0,0,0,0,255,0
68150,0,0,0,0,255,0
68200,0,0,0,0,0,0
68250,0,0,0,0,0,0
68300,0,0,0,0,0,0
68350,0,0,0,0,0,0
68400,0,0,0,0,0,0
68450,0,0,0,0,0,0
68500,0,0,0,0,255,0
68550,0,0,0,0,255,0
68600,0,0,0,0,255,0
68650,0,0,0,0,255,0
68700,0,0,0,0,255,0
68750,0,0,0,0,255,0
68800,0,0,0,0,255,0
68850,0,0,0,0,255,0
68900,0,0,0,0,255,0
68950,0,0,0,0,255,0
69000,0,0,0,0,255,0
69050,0,0,0,0,255,0
69100,0,0,0,0,255,0
69150,0,0,0,0,255,0
69200,0,0,0,0,255,0
69250,0,0,0,0,255,0
69300,0,0,0,0,255,0
69350,0,0,0,0,0,0
69400,0,0,0,0,0,0
69450,0,0,0,0,0,0
69500,0,0,0,0,0,0
69550,255,0,0,0,0,0
69600,255,0,0,0,0,0
69650,255,0,0,0,0,0
69700,255,0,0,0,0,0
69750,255,0,0,0,0,0
69800,255,0,0,0,0,0
69850,255,0,0,0,0,0
69900,255,0,0,0,0,0
69950,255,0,0,0,0,0
70000,255,0,0,0,0,0
70050,255,0,0,0,0,0
70100,255,0,0,0,0,0
70150,255,0,0,0,0,0
70200,255,0,0,0,0,0
70250,255,0,0,0,0,0
70300,255,0,0,0,0,0
70350,255,0,0,0,0,0
70400,255,0,0,0,0,0
70450,255,0,0,0,0,0
70500,255,0,0,0,0,0
70550,255,0,0,0,0,0
70600,255,0,0,0,0,0
70650,255,0,0,0,0,0
70700,255,0,0,0,0,0
70750,0,0,0,0,0,0
70800,0,0,0,0,0,0
70850,0,0,0,0,0,0
70900,0,0,0,0,0,0
70950,0,0,0,0,0,0
71000,0,0,0,0,0,0
71050,0,0,0,0,0,0
71100,0,0,0,0,0,0
71150,0,0,0,0,0,0
71200,0,0,0,0,0,0
71250,0,0,0,0,0,0
71300,0,0,0,0,0,0
71350,0,0,0,0,0,0
71400,0,0,0,0,0,0
71450,0,0,0,0,0,0
71500,0,0,0,0,0,0
71550,0,0,0,0,0,0
71600,0,0,0,0,0,0
71650,0,0,0,0,0,0
71700,0,0,0,0,0,0
71750,0,0,0,0,0,0
71800,0,0,0,0,0,0
71850,0,0,0,0,0,0
71900,0,0,0,0,0,0
71950,0,0,0,0,0,0
72000,0,0,0,0,0,0
72050,0,0,0,0,0,0
72100,0,0,0,0,0,0
72150,0,0,0,0,0,0
72200,0,0,0,0,0,0
72250,0,0,0,0,0,0
72300,0,0,0,255,0,0
72350,0,0,0,255,0,0
72400,0,0,0,255,0,0
72450,0,0,0,255,0,0
72500,0,0,0,255,0,0
72550,0,0,0,255,0,0
72600,0,0,0,255,0,0
72650,0,0,255,255,0,0
72700,0,0,255,0,0,0
72750,0,0,255,0,0,0
72800,0,0,255,0,0,0
72850,0,0,255,0,0,0
72900,0,255,255,0,0,0
72950,0,255,0,0,0,0
73000,0,255,0,0,0,0
73050,0,255,0,0,0,0
73100,0,255,0,0,0,0
73150,0,255,0,0,0,0
73200,0,255,0,0,0,0
73250,0,0,255,0,0,0
73300,0,0,255,0,0,0
73350,0,0,255,0,0,0
73400,0,0,255,0,0,0
73450,0,0,255,0,0,0
73500,0,0,255,255,0,0
73550,0,0,0,255,0,0
73600,0,0,0,255,0,0
73650,0,0,255,0,0,0
73700,0,0,255,0,0,0
73750,0,0,255,0,0,0
73800,0,0,255,0,0,0
73850,0,0,255,0,0,0
73900,0,255,0,0,0,0
73950,0,255,0,0,0,0
74000,0,255,0,0,0,0
74050,0,255,0,0,0,0
74100,0,255,0,0,0,0
74150,0,255,0,0,0,0
74200,0,255,0,0,0,0
74250,0,255,0,0,0,0
74300,0,0,0,0,0,0
74350,0,0,0,0,0,0
74400,0,0,0,0,0,0
74450,0,0,0,0,0,0
74500,0,0,0,0,0,0
74550,0,0,0,0,0,0
74600,0,255,0,0,0,0
74650,0,255,0,0,0,0
74700,0,255,0,0,0,0
74750,0,255,0,0,0,0
74800,0,255,0,0,0,0
74850,0,255,0,0,0,0
74900,0,255,0,0,0,0
74950,0,255,255,0,0,0
75000,0,255,255,0,0,0
75050,0,255,255,0,0,0
75100,0,255,255,0,0,0
75150,0,255,255,0,0,0
75200,0,255,255,0,0,0
75250,0,255,255,255,0,0
75300,0,255,255,255,0,0
75350,0,255,255,255,0,0
75400,0,255,255,255,0,0
75450,0,255,255,255,0,0
75500,0,255,255,255,0,0
75550,0,255,255,255,0,0
75600,0,255,255,255,0,0
75650,0,255,255,255,0,0
75700,0,255,255,255,0,0
75750,0,255,255,255,0,0
75800,0,255,255,255,0,0
75850,0,255,255,255,0,0
75900,0,255,255,255,0,0
75950,0,255,255,255,0,0
76000,0,255,255,255,0,0
76050,0,255,0,255,0,0
76100,0,0,0,0,0,0
76150,0,0,0,0,0,0
76200,0,0,0,0,0,0
76250,0,0,0,0,0,0
76300,0,0,0,0,0,0
76350,0,0,0,0,0,0
76400,0,0,0,0,0,0
76450,0,0,0,0,0,0
76500,255,0,0,0,0,0
76550,255,0,0,0,0,0
76600,255,0,0,0,0,0
76650,255,0,0,0,0,0
76700,255,0,0,0,0,0
76750,255,0,0,0,0,0
76800,255,0,0,0,0,0
76850,255,255,0,0,0,0
76900,255,255,0,0,0,0
76950,255,255,0,0,0,0
77000,255,255,0,0,0,0
77050,255,255,0,0,0,0
77100,255,255,0,0,0,0
77150,255,255,0,0,0,0
77200,255,255,255,0,0,0
77250,255,255,255,0,0,0
77300,255,255,255,0,0,0
77350,255,255,255,0,0,0
77400,255,255,255,255,0,0
77450,255,255,255,255,0,0
77500,255,255,255,255,0,0
77550,255,255,255,255,0,0
77600,255,255,255,255,0,0
77650,255,255,255,255,0,0
77700,255,255,255,255,0,0
77750,0,255,255,255,0,0
77800,0,255,255,255,0,0
77850,0,255,255,255,0,0
77900,0,0,255,255,0,0
77950,0,0,255,255,0,0
78000,0,0,0,255,0,0
78050,0,0,0,255,0,0
78100,0,0,0,255,0,0
78150,0,0,0,255,0,0
78200,0,0,0,255,0,0
78250,0,0,0,0,0,0
78300,0,0,0,0,0,0
78350,0,0,0,0,0,0
78400,0,0,0,0,0,0
78450,0,0,0,0,0,0
78500,0,0,0,0,0,0
78550,0,0,0,0,0,0
78600,0,0,0,0,255,0
78650,0,0,0,0,255,0
78700,0,0,0,0,255,0
78750,0,0,0,0,255,0
78800,0,0,0,0,255,0
78850,0,0,0,0,255,0
78900,0,0,0,0,255,0
78950,0,0,0,0,255,0
79000,0,0,0,0,255,0
79050,0,0,0,0,255,0
79100,0,0,0,0,255,0
79150,0,0,0,0,0,0
79200,0,0,0,0,0,0
79250,0,0,0,0,0,0
79300,0,0,0,0,0,0
79350,0,0,0,0,0,0
79400,0,0,0,255,0,0
79450,0,0,0,255,0,0
79500,0,0,0,255,0,0
79550,0,0,0,255,0,0
79600,0,0,0,255,0,0
79650,0,0,0,255,0,0
79700,0,0,0,255,0,0
79750,0,0,0,255,0,0
79800,0,0,0,255,0,0
79850,0,0,0,255,0,0
79900,0,0,0,255,0,0
79950,0,0,0,255,0,0
80000,0,0,0,255,0,0
80050,0,0,0,255,0,0
80100,0,0,0,255,0,0
80150,0,0,0,255,0,0
80200,0,0,0,255,0,0
80250,0,0,0,255,0,0
80300,0,0,0,255,0,0
80350,0,0,0,255,0,0
80400,0,0,0,255,0,0
80450,0,0,0,255,0,0
80500,0,0,0,255,0,0
80550,0,0,0,255,0,0
80600,0,0,0,255,0,0
80650,0,0,0,255,0,0
80700,0,0,0,255,0,0
80750,0,0,0,255,0,0
80800,0,0,0,255,0,0
80850,0,0,0,255,0,0
80900,0,0,0,255,0,0
80950,0,0,0,255,0,0
81000,0,0,0,255,0,0
81050,0,0,0,255,0,0
81100,0,0,0,255,0,0
81150,0,0,0,255,0,0
81200,0,0,0,255,0,0
81250,0,0,0,255,0,0
81300,0,0,0,255,0,0
81350,0,0,0,255,0,0
81400,0,0,0,255,0,0
81450,0,0,255,255,0,0
81500,0,255,255,255,0,0
81550,0,255,255,255,0,0
81600,0,255,255,255,0,0
81650,0,255,255,255,0,0
81700,0,255,255,255,0,0
81750,0,255,255,255,0,0
81800,0,255,255,255,0,0
81850,0,255,255,255,0,0
81900,0,255,255,255,0,0
81950,0,255,255,0,0,0
82000,0,0,0,0,0,0
82050,0,0,0,0,0,0
82100,0,0,0,0,0,0
82150,0,0,0,0,0,0
82200,0,0,0,0,0,0
82250,0,0,0,0,0,0
82300,0,0,0,0,0,0
82350,0,0,0,0,0,0
82400,0,0,0,0,0,0
82450,0,0,0,0,0,0
82500,0,0,0,0,0,0
82550,0,0,0,0,0,0
82600,0,0,0,0,0,0
82650,0,0,0,0,0,0
82700,0,0,0,0,0,0
82750,0,0,0,0,0,0
82800,0,0,0,0,0,0
82850,0,0,0,0,0,0
82900,0,0,0,0,0,0
82950,0,0,0,0,0,0
83000,0,0,0,0,0,0
83050,0,0,0,0,0,0
83100,0,0,0,0,0,0
83150,0,0,0,0,0,0
83200,0,0,0,0,0,0
83250,0,0,0,0,0,0
83300,0,0,0,0,0,0
83350,0,0,0,0,0,0
83400,0,0,0,0,0,0
83450,0,0,0,0,0,0
83500,0,0,0,0,0,0
83550,0,0,0,0,0,0
83600,0,0,0,0,0,0
83650,0,0,0,0,0,0
83700,0,0,0,0,0,0
83750,0,0,0,0,0,0
83800,0,0,0,0,0,0
83850,0,0,0,0,0,0
83900,0,0,0,0,0,0
83950,0,0,0,0,0,0
84000,0,0,0,0,0,0
84050,0,0,0,0,0,0
84100,0,0,0,0,0,0
84150,0,0,0,0,0,0
84200,0,0,0,0,0,0
84250,0,0,0,0,0,0
84300,0,0,0,0,0,0
84350,0,0,0,0,0,0
84400,0,0,0,0,0,0
84450,0,0,0,0,0,0
84500,255,0,0,0,0,0
84550,255,0,0,0,0,0
84600,255,0,0,0,0,0
84650,255,0,0,0,0,0
84700,0,0,0,0,0,0
84750,0,0,0,0,0,0
84800,0,255,0,0,0,0
84850,0,255,0,0,0,0
84900,0,255,0,0,0,0
84950,0,255,0,0,0,0
85000,0,255,0,0,0,0
85050,0,255,0,0,0,0
85100,0,255,0,0,0,0
85150,0,0,0,0,0,0
85200,0,0,0,0,0,0
85250,0,0,0,0,0,0
85300,0,0,0,0,0,0
85350,0,0,0,0,0,0
85400,0,0,0,0,0,0
85450,0,0,0,0,0,0
85500,0,0,0,0,0,0
85550,0,0,0,0,0,0
85600,0,0,255,0,0,0
85650,0,0,255,0,0,0
85700,0,0,255,0,0,0
85750,0,0,255,0,0,0
85800,0,0,255,0,0,0
85850,0,0,255,0,0,0
85900,0,0,255,0,0,0
85950,0,0,255,0,0,0
86000,0,0,0,255,0,0
86050,0,0,0,255,0,0
86100,0,0,0,255,0,0
86150,0,0,0,255,0,0
86200,0,0,0,255,0,0
86250,0,0,0,255,0,0
86300,0,0,0,255,0,0
86350,0,0,0,255,0,0
86400,0,0,0,255,0,0
86450,0,0,0,255,0,0
86500,0,0,0,0,255,0
86550,0,0,0,0,255,0
86600,0,0,0,0,255,0
86650,0,0,0,0,255,0
86700,0,0,0,0,255,0
86750,0,0,0,0,255,0
86800,0,0,0,0,255,0
86850,0,0,0,0,255,0
86900,0,0,0,0,0,0
86950,0,0,0,0,0,0
87000,0,0,0,0,0,0
87050,0,0,0,0,0,0
87100,0,0,0,0,0,0
87150,0,0,0,0,0,0
87200,0,0,0,255,0,0
87250,0,0,0,255,0,0
87300,0,0,0,255,0,0
87350,0,0,0,255,0,0
87400,0,0,0,255,0,0
87450,0,0,0,255,0,0
87500,0,0,0,255,0,0
87550,0,0,0,255,0,0
87600,0,0,0,255,0,0
87650,0,0,0,255,0,0
87700,0,0,255,0,0,0
87750,0,0,255,0,0,0
87800,0,0,255,0,0,0
87850,0,0,255,0,0,0
87900,0,0,255,0,0,0
87950,0,0,255,0,0,0
88000,0,0,0,0,0,0
88050,0,255,0,0,0,0
88100,0,255,0,0,0,0
88150,0,255,0,0,0,0
88200,0,255,0,0,0,0
88250,0,255,0,0,0,0
88300,0,255,0,0,0,0
88350,0,255,0,0,0,0
88400,0,255,0,0,0,0
88450,0,0,0,0,0,0
88500,255,0,0,0,0,0
88550,255,0,0,0,0,0
88600,255,0,0,0,0,0
88650,255,0,0,0,0,0
88700,255,0,0,0,0,0
88750,255,0,0,0,0,0
88800,255,0,0,0,0,0
88850,255,0,0,0,0,0
88900,255,0,0,0,0,0
88950,255,0,0,0,0,0
89000,255,0,0,0,0,0
89050,255,0,0,0,0,0
89100,255,0,0,0,0,0
89150,255,0,0,0,0,0
89200,255,0,0,0,0,0
89250,255,0,0,0,0,0
89300,255,0,0,0,0,0
89350,0,0,0,0,0,0
89400,0,0,0,0,0,0
89450,0,0,0,0,0,0
89500,0,0,0,0,0,0
89550,0,0,0,0,0,0
89600,0,0,0,0,0,0
89650,0,0,0,0,0,0
89700,0,0,0,0,0,0
89750,0,0,0,0,0,0
89800,0,0,0,0,0,0
89850,0,0,0,0,0,0
89900,0,0,0,0,0,0
89950,0,0,0,0,255,0
90000,0,0,0,0,255,0
90050,0,0,0,0,255,0
90100,0,0,0,0,255,0
90150,0,0,0,0,255,0
90200,0,0,0,0,255,0
90250,0,0,0,0,255,0
90300,0,0,0,0,255,0
90350,0,0,0,0,255,0
90400,0,0,0,0,255,0
90450,0,0,0,0,255,0
90500,0,0,0,0,255,0
90550,0,0,0,0,255,0
90600,0,0,0,0,255,0
90650,0,0,0,0,255,0
90700,0,0,0,0,255,0
90750,0,0,0,0,255,0
90800,0,0,0,0,255,0
90850,0,0,0,0,255,0
90900,0,0,0,0,255,0
90950,0,0,0,0,255,0
91000,0,0,0,255,255,0
91050,0,0,0,255,255,0
91100,0,0,0,255,255,0
91150,0,0,0,255,255,0
91200,0,0,0,255,255,0
91250,0,0,0,255,255,0
91300,0,0,0,255,255,0
91350,0,0,0,255,255,0
91400,0,0,0,255,255,0
91450,0,0,0,255,255,0
91500,0,0,255,255,255,0
91550,0,0,255,255,255,0
91600,0,0,255,255,255,0
91650,0,0,255,255,255,0
91700,0,0,255,255,255,0
91750,0,0,255,255,255,0
91800,0,0,255,255,255,0
91850,0,0,255,255,255,0
91900,0,0,255,255,255,0
91950,0,0,255,255,255,0
92000,0,0,255,255,255,0
92050,0,0,255,255,255,0
92100,0,0,255,255,255,0
92150,0,0,255,255,255,0
92200,0,255,255,255,255,0
92250,0,255,255,255,255,0
92300,0,255,255,255,255,0
92350,0,255,255,255,255,0
92400,255,255,255,255,255,0
92450,255,255,255,255,255,0
92500,255,255,255,255,255,0
92550,255,255,255,255,255,0
92600,255,255,255,255,255,0
92650,255,255,255,255,255,0
92700,255,255,255,255,255,0
92750,255,255,255,255,255,0
92800,255,255,255,255,255,0
92850,255,255,255,255,255,0
92900,255,255,255,255,255,0
92950,255,255,255,255,255,0
93000,255,255,255,255,255,0
93050,255,255,255,255,255,0
93100,255,255,255,255,255,0
93150,255,255,255,255,255,0
93200,255,255,255,255,255,0
93250,255,255,255,255,255,0
93300,255,255,255,255,255,0
93350,255,255,255,255,255,0
93400,255,255,255,255,255,0
93450,255,255,255,255,255,0
93500,255,255,255,255,255,0
93550,255,255,255,255,255,0
93600,255,255,255,255,255,0
93650,255,255,255,255,255,0
93700,255,255,255,255,255,0
93750,255,255,255,255,255,0
93800,255,255,255,255,255,0
93850,255,255,255,255,255,0
93900,255,255,255,255,255,0
93950,255,255,255,255,255,0
94000,255,255,255,255,255,0
94050,255,255,255,255,255,0
94100,255,255,255,255,255,0
94150,255,255,255,255,255,0
94200,255,255,255,255,255,0
94250,255,255,255,255,255,0
94300,255,255,255,255,255,0
94350,255,255,255,255,255,0
94400,255,255,255,255,255,0
94450,255,255,255,255,255,0
94500,255,255,255,255,255,0
94550,255,255,255,255,255,0
94600,255,255,255,255,255,0
94650,255,255,255,255,255,0
94700,255,255,255,255,255,0
94750,255,255,255,255,255,0
94800,255,255,255,255,255,0
94850,255,255,255,255,255,0
94900,0,255,255,255,255,0
94950,0,255,255,255,255,0
95000,0,255,255,255,255,0
95050,0,255,255,255,255,0
95100,0,255,255,255,255,0
95150,0,0,255,255,255,0
95200,0,0,255,255,255,0
95250,0,0,255,255,255,0
95300,0,0,255,255,255,0
95350,0,0,255,255,255,0
95400,0,0,255,255,255,0
95450,0,0,255,255,255,0
95500,0,0,0,255,255,0
95550,0,0,0,255,255,0
95600,0,0,0,255,255,0
95650,0,0,0,255,255,0
95700,0,0,0,255,255,0
95750,0,0,0,255,255,0
95800,0,0,0,255,255,0
95850,0,0,0,255,255,0
95900,0,0,0,255,255,0
95950,0,0,0,0,255,0
96000,0,0,0,0,255,0
96050,0,0,0,0,255,0
96100,0,0,0,0,255,0
96150,0,0,0,0,255,0
96200,0,0,0,0,255,0
96250,0,0,0,0,255,0
96300,0,0,0,0,255,0
96350,0,0,0,0,255,0
96400,0,0,0,0,255,0
96450,0,0,0,0,255,0
96500,0,0,0,0,255,0
96550,0,0,0,0,255,0
96600,0,0,0,0,0,0
96650,0,0,0,0,0,0
96700,0,0,0,0,0,0
96750,0,0,0,0,0,0
96800,0,0,0,0,0,0
96850,0,0,0,0,0,0
96900,0,0,0,0,0,0
96950,0,0,0,0,0,0
97000,0,0,0,0,0,0
97050,0,0,0,0,255,0
97100,255,0,0,0,255,0
97150,255,0,0,0,255,0
97200,255,0,0,0,255,0
97250,255,0,0,0,255,0
97300,255,0,0,0,255,0
97350,255,0,0,0,255,0
97400,255,0,0,0,255,0
97450,0,0,0,0,255,0
97500,0,0,0,0,0,0
97550,0,0,0,0,0,0
97600,0,0,0,255,0,0
97650,0,255,255,255,0,0
97700,0,255,255,255,0,0
97750,0,255,255,255,0,0
97800,0,255,255,255,0,0
97850,0,255,255,255,0,0
97900,0,255,255,255,0,0
97950,0,255,255,255,0,0
98000,0,0,0,255,0,0
98050,0,0,0,0,0,0
98100,0,0,0,0,0,0
98150,0,0,0,0,0,0
98200,0,0,0,0,0,0
98250,0,0,0,0,0,0
98300,0,0,0,0,0,0
98350,0,0,0,0,0,0
98400,0,0,0,0,0,0
98450,0,0,0,0,0,0
98500,0,0,0,0,0,0
98550,0,0,0,0,0,0
98600,0,0,0,0,0,0
98650,0,0,0,0,0,0
98700,0,0,0,0,0,0
98750,0,0,0,0,0,0
98800,0,0,0,0,0,0
98850,0,0,0,0,0,0
98900,0,0,0,0,0,0
98950,0,0,0,0,0,0
99000,0,0,0,0,0,0
99050,0,0,0,0,0,0
99100,0,0,0,0,0,0
99150,0,0,0,0,0,0
99200,0,0,0,0,0,0
99250,0,0,0,0,0,0
99300,0,0,0,0,0,0
99350,0,0,0,0,0,0
99400,0,0,0,0,0,0
99450,0,0,0,0,0,0
99500,0,0,0,0,0,0
99550,0,0,0,0,0,0
99600,0,0,0,0,0,0
99650,0,0,0,0,0,0
99700,0,0,0,0,0,0
99750,0,0,0,0,0,0
99800,0,0,0,0,0,0
99850,0,0,0,0,0,0
99900,0,0,0,0,0,0
99950,0,0,0,0,0,0
100000,0,0,0,0,0,0
100050,0,0,0,0,0,0
100100,0,0,0,0,0,0
100150,0,0,0,0,0,0
100200,0,0,0,0,0,0
100250,0,0,0,0,0,0
100300,0,0,0,0,0,0
100350,255,0,0,0,0,0
100400,255,0,0,0,0,0
100450,255,0,0,0,0,0
100500,255,0,0,0,0,0
100550,255,0,0,0,0,0
100600,255,0,0,0,0,0
100650,255,0,0,0,0,0
100700,255,0,0,0,0,0
100750,255,255,0,0,0,0
100800,255,255,0,0,0,0
100850,255,255,0,0,0,0
100900,255,255,0,0,0,0
100950,255,255,0,0,0,0
101000,255,255,0,0,0,0
101050,255,255,0,0,0,0
101100,255,255,0,0,0,0
101150,255,255,0,0,0,0
101200,255,255,0,0,0,0
101250,255,255,0,0,0,0
101300,255,255,0,0,0,0
101350,255,255,255,0,0,0
101400,255,255,255,0,0,0
101450,255,255,255,0,0,0
101500,255,255,255,0,0,0
101550,255,255,255,0,0,0
101600,255,255,255,0,0,0
101650,255,255,255,0,0,0
101700,255,255,255,0,0,0
101750,255,255,255,0,0,0
101800,255,255,255,0,0,0
101850,255,255,255,0,0,0
101900,255,255,255,0,0,0
101950,255,255,255,0,0,0
102000,255,255,255,0,0,0
102050,255,255,255,255,0,0
102100,255,255,255,255,0,0
102150,255,255,255,255,0,0
102200,255,255,255,255,0,0
102250,255,255,255,255,0,0
102300,255,255,255,255,0,0
102350,255,255,255,255,0,0
102400,255,255,255,255,0,0
102450,255,255,255,255,0,0
102500,255,255,255,255,0,0
102550,255,255,255,255,0,0
102600,255,255,255,255,0,0
102650,255,255,255,255,0,0
102700,255,255,255,255,0,0
102750,255,255,255,255,0,0
102800,255,255,255,255,0,0
102850,255,255,255,255,0,0
102900,255,255,255,255,0,0
102950,255,255,255,255,0,0
103000,255,255,255,255,255,0
103050,255,255,255,255,255,0
103100,255,255,255,255,255,0
103150,255,255,255,255,255,0
103200,255,255,255,255,255,0
103250,255,255,255,255,255,0
103300,255,255,255,255,255,0
103350,255,255,255,255,255,0
103400,255,255,255,255,255,0
103450,255,255,255,255,255,0
103500,255,255,255,255,255,0
103550,255,255,255,255,255,0
103600,255,255,255,255,255,0
103650,255,255,255,255,255,0
103700,255,255,255,255,255,0
103750,255,255,255,255,255,0
103800,255,255,255,255,255,0
103850,255,255,255,255,255,0
103900,255,255,255,255,255,0
103950,255,255,255,255,255,0
104000,255,255,255,255,255,0
104050,255,255,255,255,255,0
104100,255,255,255,255,255,0
104150,255,255,255,255,255,0
104200,255,255,255,255,255,0
104250,255,255,255,255,255,0
104300,255,255,255,255,255,0
104350,255,255,255,255,255,0
104400,255,255,255,255,255,0
104450,255,255,255,255,255,0
104500,255,255,255,255,255,0
104550,255,255,255,255,255,0
104600,255,255,255,255,255,0
104650,255,255,255,255,255,0
104700,255,255,255,255,255,0
104750,255,255,255,255,255,0
104800,255,255,255,255,255,0
104850,255,255,255,255,255,0
104900,255,255,255,255,255,0
104950,255,255,255,255,255,0
105000,255,255,255,255,255,0
105050,255,255,255,255,255,0
105100,255,255,255,255,255,0
105150,255,255,255,255,255,0
105200,255,255,255,255,255,0
105250,255,255,255,255,255,0
105300,255,255,255,255,255,0
105350,255,255,255,255,255,0
105400,255,255,255,255,255,0
105450,255,255,255,255,255,0
105500,255,255,255,255,255,0
105550,255,255,255,255,255,0
105600,255,255,255,255,255,0
105650,255,255,255,255,255,0
105700,255,255,255,255,255,0
105750,255,255,255,255,255,0
105800,255,255,255,255,255,0
105850,255,255,255,255,255,0
105900,255,255,255,255,255,0
105950,255,255,255,255,255,0
106000,255,255,255,255,255,0
106050,0,255,255,255,255,0
106100,0,255,255,255,255,0
106150,0,255,255,255,255,0
106200,0,0,255,255,255,0
106250,0,0,255,255,255,0
106300,0,0,255,255,255,0
106350,0,0,255,255,255,0
106400,0,0,255,255,255,0
106450,0,0,255,255,255,0
106500,0,0,255,255,255,0
106550,0,0,255,255,255,0
106600,0,0,0,255,255,0
106650,0,0,0,255,255,0
106700,0,0,0,255,255,0
106750,0,0,0,255,255,0
106800,0,0,0,255,255,0
106850,0,0,0,255,255,0
106900,0,0,0,255,255,0
106950,0,0,0,0,255,0
107000,0,0,0,0,255,0
107050,0,0,0,0,255,0
107100,0,0,0,0,255,0
107150,0,0,0,0,255,0
107200,0,0,0,0,255,0
107250,0,0,0,0,255,0
107300,0,0,0,0,255,0
107350,0,0,0,0,255,0
107400,0,0,0,0,255,0
107450,0,0,0,0,255,0
107500,0,0,0,0,255,0
107550,0,0,0,0,255,0
107600,0,0,0,0,255,0
107650,0,0,0,0,255,0
107700,0,0,0,0,255,0
107750,0,0,0,0,255,0
107800,0,0,0,0,255,0
107850,0,0,0,0,0,0
107900,0,0,0,0,0,0
107950,0,0,0,0,0,0
108000,0,0,0,0,0,0
108050,0,0,0,0,0,0
108100,0,0,0,0,0,0
108150,0,0,0,0,0,0
108200,0,0,0,0,0,0
108250,0,0,0,0,0,0
108300,0,0,0,0,0,0
108350,0,0,0,0,0,0
108400,0,0,0,0,0,0
108450,0,0,0,0,0,0
108500,0,0,0,0,255,0
108550,0,0,0,0,255,0
108600,0,0,0,0,255,0
108650,0,0,0,0,255,0
108700,0,0,0,0,255,0
108750,0,0,0,0,255,0
108800,0,0,0,0,255,0
108850,0,0,0,0,255,0
108900,0,0,0,0,255,0
108950,0,0,0,0,255,0
109000,0,0,0,0,255,0
109050,0,0,0,0,255,0
109100,0,0,0,0,255,0
109150,0,0,0,0,255,0
109200,0,0,0,0,255,0
109250,0,0,0,0,0,0
109300,0,0,0,0,0,0
109350,0,0,0,0,0,0
109400,0,0,0,0,0,0
109450,255,0,0,0,0,0
109500,255,0,0,0,0,0
109550,255,0,0,0,0,0
109600,255,0,0,0,0,0
109650,255,0,0,0,0,0
109700,255,0,0,0,0,0
109750,255,0,0,0,0,0
109800,255,0,0,0,0,0
109850,255,0,0,0,0,0
109900,255,0,0,0,0,0
109950,255,0,0,0,0,0
110000,255,0,0,0,0,0
110050,255,0,0,0,0,0
110100,255,0,0,0,0,0
110150,255,0,0,0,0,0
110200,255,0,0,0,0,0
110250,255,0,0,0,0,0
110300,255,0,0,0,0,0
110350,255,0,0,0,0,0
110400,255,0,0,0,0,0
110450,0,0,0,0,0,0
110500,0,0,0,0,0,0
110550,0,0,0,0,0,0
110600,0,0,0,0,0,0
110650,0,0,0,0,0,0
110700,0,255,0,0,0,0
110750,0,255,0,0,0,0
110800,0,255,0,0,0,0
110850,0,255,0,0,0,0
110900,0,255,0,0,0,0
110950,0,255,0,0,0,0
111000,0,255,0,0,0,0
111050,0,255,0,0,0,0
111100,0,255,0,0,0,0
111150,0,255,0,0,0,0
111200,0,255,0,0,0,0
111250,0,255,0,0,0,0
111300,0,255,0,0,0,0
111350,0,255,0,0,0,0
111400,0,255,0,0,0,0
111450,0,255,0,0,0,0
111500,0,255,0,0,0,0
111550,0,0,0,0,0,0
111600,0,0,0,0,0,0
111650,0,0,0,0,0,0
111700,0,0,0,0,0,0
111750,0,0,0,0,0,0
111800,0,0,0,255,0,0
111850,0,0,0,255,0,0
111900,0,0,0,255,0,0
111950,0,0,0,255,0,0
112000,0,0,0,255,0,0
112050,0,0,0,255,0,0
112100,0,0,0,255,0,0
112150,0,0,0,255,0,0
112200,0,0,0,255,0,0
112250,0,0,0,255,0,0
112300,0,0,0,255,0,0
112350,0,0,0,0,0,0
112400,0,0,0,0,0,0
112450,0,0,0,0,0,0
112500,0,0,0,0,0,0
112550,0,0,0,0,0,0
112600,0,0,0,0,0,0
112650,0,0,0,0,0,0
112700,0,0,0,0,0,0
112750,0,0,0,0,0,0
112800,0,0,0,0,0,0
112850,0,0,0,0,0,0
112900,0,0,0,0,0,0
112950,0,0,0,0,0,0
113000,0,0,0,0,0,0
113050,0,0,0,0,0,0
113100,0,0,0,0,0,0
113150,0,0,0,0,0,0
113200,0,0,0,0,0,0
113250,0,0,0,0,0,0
113300,0,0,0,0,0,0
113350,0,0,0,0,0,0
113400,0,0,0,0,0,0
113450,0,0,0,0,0,0
113500,0,0,0,0,0,0
113550,0,0,0,0,0,0
113600,0,0,0,0,0,0
113650,0,0,0,0,0,0
113700,0,0,0,0,0,0
113750,0,0,0,0,0,0
113800,0,0,0,0,0,0
113850,0,0,0,0,0,0
113900,0,0,0,0,0,0
113950,0,255,0,255,0,0
114000,0,255,255,255,0,0
114050,0,255,255,255,0,0
114100,0,255,255,255,0,0
114150,0,255,255,255,0,0
114200,0,255,255,255,0,0
114250,0,255,255,255,0,0
114300,0,255,255,255,0,0
114350,0,255,255,255,0,0
114400,255,255,255,255,255,0
114450,255,255,255,255,255,0
114500,255,255,255,255,255,0
114550,255,255,255,255,255,0
114600,255,255,255,255,255,0
114650,255,255,255,255,255,0
114700,255,255,255,255,255,0
114750,255,255,255,255,255,0
114800,255,255,255,255,255,0
114850,255,255,255,255,255,0
114900,255,255,255,255,255,0
114950,255,255,255,255,255,0
115000,255,255,255,255,255,0
115050,255,255,255,255,255,0
115100,255,255,255,255,255,0
115150,255,255,255,255,255,0
115200,255,255,255,255,255,0
115250,255,255,255,255,255,0
115300,255,255,255,255,255,0
115350,255,255,255,255,255,0
115400,255,255,255,255,255,0
115450,255,255,255,255,255,0
115500,255,255,255,255,255,0
115550,255,255,255,255,255,0
115600,255,255,255,255,255,0
115650,255,255,255,255,255,0
115700,255,255,255,255,255,0
115750,255,255,255,255,255,0
115800,255,255,255,255,255,0
115850,255,255,255,255,255,0
115900,255,255,255,255,255,0
115950,255,255,255,255,255,0
116000,255,255,255,255,255,0
116050,255,255,255,255,255,0
116100,255,255,255,255,255,0
116150,255,255,255,255,255,0
116200,255,255,255,255,255,0
116250,255,255,255,255,255,0
116300,255,255,255,255,255,0
116350,255,255,255,255,255,0
116400,255,255,255,255,255,0
116450,255,255,255,255,255,0
116500,255,255,255,255,255,0
116550,255,255,255,255,255,0
116600,255,255,255,255,255,0
116650,255,255,255,255,255,0
116700,255,255,255,255,255,0
116750,255,255,255,255,255,0
116800,255,255,255,255,255,0
116850,255,255,255,255,255,0
116900,255,255,255,255,255,0
116950,255,255,255,255,255,0
117000,255,255,255,255,255,0
117050,255,255,255,255,255,0
117100,255,255,255,255,255,0
117150,255,255,255,0,255,0
117200,255,0,0,0,255,0
117250,255,0,0,0,255,0
117300,255,0,0,0,255,0
117350,255,0,0,0,255,0
117400,255,0,0,0,255,0
117450,255,0,0,0,255,0
117500,255,0,0,0,255,0
117550,255,0,0,0,255,0
117600,255,0,0,0,0,0
117650,0,0,0,0,0,0
117700,0,0,0,0,0,0
117750,0,0,0,0,0,0
117800,0,0,0,0,0,0
117850,0,0,0,0,0,0
117900,0,0,0,0,0,0
117950,0,0,0,0,0,0
118000,0,0,0,0,0,0
118050,0,0,0,0,0,0
118100,0,0,0,0,0,0
118150,0,0,0,0,0,0
118200,0,0,0,0,0,0
118250,0,0,0,0,0,0
118300,0,0,0,0,0,0
118350,0,0,0,0,0,0
118400,0,0,0,0,0,0
118450,0,0,0,0,0,0
118500,0,0,0,0,0,0
118550,0,0,0,0,0,0
118600,0,0,0,0,0,0
118650,0,0,0,0,255,0
118700,0,0,0,0,255,0
118750,0,0,0,0,255,0
118800,0,0,0,0,255,0
118850,0,0,0,0,255,0
118900,0,0,0,0,255,0
118950,0,0,0,0,255,0
119000,0,0,0,0,255,0
119050,0,0,0,0,255,0
119100,0,0,0,0,255,0
119150,0,0,0,0,255,0
119200,0,0,0,0,255,0
119250,0,0,255,0,255,0
119300,0,0,255,0,0,0
119350,0,0,255,0,0,0
119400,0,0,255,0,0,0
119450,0,0,255,0,0,0
119500,0,0,255,0,0,0
119550,0,0,255,0,0,0
119600,0,0,255,0,0,0
119650,0,0,255,0,0,0
119700,0,0,255,0,0,0
119750,0,0,255,0,0,0
119800,0,0,255,0,0,0
119850,0,0,255,0,0,0
119900,0,0,255,0,0,0
119950,0,0,255,0,0,0
120000,0,0,255,0,0,0
120050,0,0,255,0,0,0
120100,0,0,255,0,0,0
120150,0,0,0,0,0,0
120200,0,0,0,0,0,0
120250,0,0,0,0,0,0
120300,0,0,0,0,0,0
120350,0,0,0,0,0,0
120400,0,0,0,0,0,0
120450,0,0,0,0,0,0
120500,0,0,0,0,0,0
120550,0,0,0,0,0,0
120600,0,0,0,0,0,0
120650,0,0,0,0,0,0
120700,0,0,0,0,0,0
120750,0,0,0,0,0,0
120800,0,0,0,0,0,0
120850,0,0,0,0,0,0
120900,0,0,0,0,0,0
120950,0,0,0,0,0,0
121000,0,0,0,0,0,0
121050,0,0,0,0,0,0
121100,0,0,0,0,0,0
121150,0,0,0,0,0,0
121200,0,0,0,0,0,0
121250,0,0,0,0,0,0
121300,0,0,0,0,0,0
121350,0,0,0,0,0,0
121400,255,0,0,0,0,0
121450,255,0,0,0,0,0
121500,255,0,0,0,0,0
121550,255,0,0,0,0,0
121600,255,0,0,0,0,0
121650,255,0,0,0,0,0
121700,255,0,0,0,0,0
121750,255,0,0,0,0,0
121800,255,0,0,0,0,0
121850,255,0,0,0,0,0
121900,255,0,0,0,0,0
121950,255,0,0,0,0,0
122000,255,0,0,0,0,0
122050,0,0,0,0,0,0
122100,0,0,0,0,0,0
122150,0,0,0,0,0,0
122200,0,0,0,0,0,0
122250,0,255,0,0,0,0
122300,0,255,0,0,0,0
122350,0,255,0,0,0,0
122400,0,255,0,0,0,0
122450,0,255,0,0,0,0
122500,0,255,0,0,0,0
122550,0,255,0,0,0,0
122600,0,255,0,0,0,0
122650,0,255,0,0,0,0
122700,0,255,0,0,0,0
122750,0,0,0,0,0,0
122800,0,0,0,0,0,0
122850,0,0,255,0,0,0
122900,0,0,255,0,0,0
122950,0,0,255,0,0,0
123000,0,0,255,0,0,0
123050,0,0,255,0,0,0
123100,0,0,255,0,0,0
123150,0,0,255,0,0,0
123200,0,0,255,0,0,0
123250,0,0,255,0,0,0
123300,0,0,255,0,0,0
123350,0,0,255,0,0,0
123400,0,0,255,0,0,0
123450,0,0,255,0,0,0
123500,0,0,255,0,0,0
123550,0,0,255,0,0,0
123600,0,0,255,0,0,0
123650,0,0,255,0,0,0
123700,0,0,0,0,0,0
123750,0,0,0,0,0,0
123800,0,0,0,0,0,0
123850,0,0,0,0,0,0
123900,0,0,0,0,0,0
123950,0,0,0,0,0,0
124000,0,0,0,255,0,0
124050,0,0,0,255,0,0
124100,0,0,0,255,0,0
124150,0,0,0,255,0,0
124200,0,0,0,255,0,0
124250,0,0,0,255,0,0
124300,0,0,0,255,0,0
124350,0,0,0,255,0,0
124400,0,0,0,255,0,0
124450,0,0,0,255,0,0
124500,0,0,0,255,0,0
124550,0,0,0,255,0,0
124600,0,0,0,255,0,0
124650,0,0,0,255,0,0
124700,0,0,0,255,0,0
124750,0,0,0,255,0,0
124800,0,0,0,255,0,0
124850,0,0,0,255,0,0
124900,0,0,0,255,0,0
124950,0,0,0,255,0,0
125000,0,0,0,255,0,0
125050,0,0,0,255,0,0
125100,0,0,0,255,0,0
125150,0,0,0,255,0,0
125200,0,0,0,255,0,0
125250,0,0,0,255,0,0
125300,0,0,0,255,0,0
125350,0,0,0,255,0,0
125400,0,0,0,255,0,0
125450,0,0,0,255,0,0
125500,0,0,0,255,0,0
125550,0,0,0,255,0,0
125600,0,0,0,255,0,0
125650,0,0,0,255,0,0
125700,0,0,0,255,0,0
125750,0,0,0,255,0,0
125800,0,0,0,255,0,0
125850,0,0,0,255,0,0
125900,0,0,0,255,0,0
125950,0,0,0,255,0,0
126000,0,0,0,255,0,0
126050,0,0,0,255,0,0
126100,0,0,0,255,0,0
126150,0,0,0,255,0,0
126200,0,0,0,255,0,0
126250,0,0,0,255,0,0
126300,0,0,0,255,0,0
126350,0,0,0,255,0,0
126400,0,0,0,255,0,0
126450,0,0,0,255,0,0
126500,0,0,0,255,0,0
126550,0,0,0,255,0,0
126600,0,0,0,255,0,0
126650,0,0,0,255,0,0
126700,0,0,0,255,0,0
126750,0,0,0,255,0,0
126800,0,0,0,255,0,0
126850,0,0,0,255,0,0
126900,0,0,0,255,0,0
126950,0,0,0,255,0,0
127000,0,0,0,255,0,0
127050,0,0,0,255,0,0
127100,0,0,0,255,0,0
127150,0,0,0,255,0,0
127200,0,0,0,255,0,0
127250,0,0,0,255,0,0
127300,0,0,0,255,0,0
127350,0,0,0,255,0,0
127400,0,0,0,255,0,0
127450,0,0,0,255,0,0
127500,0,0,0,255,0,0
127550,0,0,0,255,0,0
127600,0,0,0,255,0,0
127650,0,0,0,255,0,0
127700,0,0,0,255,0,0
127750,0,0,0,255,0,0
127800,0,0,0,255,0,0
127850,0,0,0,255,0,0
127900,0,0,0,255,0,0
127950,0,0,0,255,0,0
128000,0,0,0,255,0,0
128050,0,0,0,255,0,0
128100,0,0,0,255,0,0
128150,0,0,0,255,0,0
128200,0,0,0,255,0,0
128250,0,0,0,255,0,0
128300,0,0,0,255,0,0
128350,0,0,0,0,0,0
128400,0,0,0,0,0,0
128450,0,0,0,0,0,0
128500,0,0,0,0,0,0
128550,0,0,0,0,0,0
128600,0,0,0,0,0,0
128650,0,0,0,0,0,0
128700,0,0,0,0,0,0
128750,0,0,0,0,0,0
128800,0,0,0,0,0,0
128850,0,0,0,0,0,0
128900,0,0,0,0,0,0
128950,0,0,0,0,0,0
129000,0,0,0,0,0,0
129050,0,0,0,0,0,0
129100,0,0,0,0,0,0
129150,0,0,0,0,0,0
129200,0,0,0,0,0,0
129250,0,0,0,0,0,0
129300,0,0,0,0,0,0
129350,0,0,0,0,255,0
129400,0,0,0,0,255,0
129450,0,0,0,0,255,0
129500,0,0,0,0,255,0
129550,0,0,0,0,255,0
129600,0,0,0,0,255,0
129650,0,0,0,0,255,0
129700,0,0,0,0,255,0
129750,0,0,0,0,255,0
129800,0,0,0,0,255,0
129850,0,0,0,0,255,0
129900,0,0,0,0,255,0
129950,0,0,0,0,255,0
130000,0,0,0,0,255,0
130050,0,0,0,0,255,0
130100,0,0,0,0,255,0
130150,0,0,0,0,255,0
130200,0,0,0,0,255,0
130250,0,0,0,0,255,0
130300,0,0,0,0,255,0
130350,0,0,0,0,255,0
130400,0,0,0,0,255,0
130450,0,0,0,0,255,0
130500,0,0,0,0,255,0
130550,0,0,0,0,255,0
130600,0,0,0,0,255,0
130650,0,0,0,0,255,0
130700,0,0,0,0,255,0
130750,0,0,0,0,255,0
130800,0,0,0,0,255,0
130850,0,0,0,0,255,0
130900,0,0,0,0,255,0
130950,0,0,0,0,255,0
131000,0,0,0,0,255,0
131050,0,0,0,0,255,0
131100,0,0,0,0,255,0
131150,0,0,0,0,255,0
131200,0,0,0,0,255,0
131250,0,0,0,0,255,0
131300,0,0,0,0,255,0
131350,0,0,0,0,255,0
131400,0,0,0,255,255,0
131450,0,0,0,255,255,0
131500,0,0,0,255,255,0
131550,0,0,0,255,255,0
131600,0,0,0,255,255,0
131650,0,0,0,255,255,0
131700,0,0,0,255,255,0
131750,0,0,0,255,255,0
131800,0,0,0,255,255,0
131850,0,0,0,255,255,0
131900,0,0,0,255,255,0
131950,0,0,0,255,255,0
132000,0,0,0,255,255,0
132050,0,0,0,255,255,0
132100,0,0,0,255,255,0
132150,0,0,0,255,255,0
132200,0,0,0,255,255,0
132250,0,0,0,255,255,0
132300,0,0,0,255,255,0
132350,0,0,0,255,255,0
132400,0,0,0,255,255,0
132450,0,0,0,255,255,0
132500,0,0,0,255,255,0
132550,0,0,0,255,255,0
132600,0,0,0,255,255,0
132650,0,0,0,255,255,0
132700,0,0,0,255,255,0
132750,0,0,0,255,255,0
132800,0,0,0,255,255,0
132850,0,0,0,255,255,0
132900,0,0,0,255,255,0
132950,0,0,0,255,255,0
133000,0,0,0,255,255,0
133050,0,0,0,255,255,0
133100,0,0,0,255,255,0
133150,0,0,0,255,255,0
133200,0,0,0,255,255,0
133250,0,0,0,255,255,0
133300,0,0,0,255,255,0
133350,0,0,0,255,255,0
133400,0,0,0,255,255,0
133450,0,0,0,255,255,0
133500,0,0,0,255,255,0
133550,0,0,0,255,255,0
133600,0,0,0,255,255,0
133650,0,0,0,255,255,0
133700,0,0,0,255,255,0
133750,0,0,255,255,255,0
133800,0,0,255,255,255,0
133850,0,0,255,255,255,0
133900,0,0,255,255,255,0
133950,0,0,255,255,255,0
134000,0,0,255,255,255,0
134050,0,0,255,255,255,0
134100,0,0,255,255,255,0
134150,0,0,255,255,255,0
134200,0,0,255,255,255,0
134250,0,0,255,255,255,0
134300,0,0,255,255,255,0
134350,0,0,255,255,255,0
134400,0,0,255,255,255,0
134450,0,0,255,255,255,0
134500,0,0,255,255,255,0
134550,0,0,255,255,255,0
134600,0,0,255,255,255,0
134650,0,0,255,255,255,0
134700,0,0,255,255,255,0
134750,0,0,255,255,255,0
134800,0,0,255,255,255,0
134850,0,0,255,255,255,0
134900,0,0,255,255,255,0
134950,0,0,255,255,255,0
135000,0,0,255,255,255,0
135050,0,0,255,255,255,0
135100,0,0,255,255,255,0
135150,0,0,255,255,255,0
135200,0,0,255,255,255,0
135250,0,0,255,255,255,0
135300,0,0,255,255,255,0
135350,0,0,255,255,255,0
135400,0,0,255,255,255,0
135450,0,0,255,255,255,0
135500,0,0,255,255,255,0
135550,0,0,255,255,255,0
135600,0,0,255,255,255,0
135650,0,0,255,255,255,0
135700,0,0,255,255,255,0
135750,0,0,255,255,255,0
135800,0,0,255,255,255,0
135850,0,0,0,255,255,0
135900,0,0,0,255,255,0
135950,0,0,0,255,255,0
136000,0,0,0,255,255,0
136050,0,0,0,255,255,0
136100,0,0,0,255,255,0
136150,0,0,0,255,255,0
136200,0,0,0,255,255,0
136250,0,0,0,255,255,0
136300,0,0,0,255,255,0
136350,0,0,0,255,255,0
136400,0,0,0,255,255,0
136450,0,0,0,255,255,0
136500,0,0,0,255,255,0
136550,0,0,0,255,255,0
136600,0,0,0,255,255,0
136650,0,0,0,255,255,0
136700,0,0,0,255,255,0
136750,0,0,0,255,255,0
136800,0,0,0,255,255,0
136850,0,0,0,255,255,0
136900,0,0,0,255,255,0
136950,0,0,0,255,255,0
137000,0,0,0,255,255,0
137050,0,0,0,255,255,0
137100,0,0,0,255,255,0
137150,0,0,0,255,255,0
137200,0,0,0,255,255,0
137250,0,0,0,255,255,0
137300,0,0,0,255,255,0
137350,0,0,0,255,255,0
137400,0,0,0,255,255,0
137450,0,0,0,255,255,0
137500,0,0,0,255,255,0
137550,0,0,0,255,255,0
137600,0,0,0,0,255,0
137650,0,0,0,0,255,0
137700,0,0,0,0,255,0
137750,0,0,0,0,255,0
137800,0,0,0,0,255,0
137850,0,0,0,0,255,0
137900,0,0,0,0,255,0
137950,0,0,0,0,255,0
138000,0,0,0,0,255,0
138050,0,0,0,0,255,0
138100,0,0,0,0,255,0
138150,0,0,0,0,0,0
138200,0,0,0,0,0,0
138250,0,0,0,0,0,0
138300,0,0,0,0,0,0
138350,0,0,0,0,0,0
138400,0,0,0,0,0,0
138450,0,0,0,0,0,0
138500,0,0,0,0,0,0
138550,0,0,0,0,0,0
138600,0,0,0,0,0,0
138650,0,0,0,0,0,0
138700,0,0,0,0,0,0
138750,0,0,0,0,0,0
138800,0,0,0,0,0,0
138850,0,0,0,0,0,0
138900,0,0,0,0,0,0
138950,0,0,0,0,0,0
139000,0,0,0,0,0,0
139050,0,0,0,0,0,0
139100,0,0,0,0,0,0
139150,0,0,0,0,0,0
139200,0,0,0,0,0,0
139250,0,0,0,0,0,0
139300,0,0,0,0,0,0
139350,0,0,0,0,255,0
139400,0,0,0,0,255,0
139450,0,0,0,0,255,0
139500,0,0,0,0,255,0
139550,0,0,0,0,255,0
139600,0,0,0,0,255,0
139650,0,0,0,0,255,0
139700,0,0,0,0,255,0
139750,0,0,0,0,255,0
139800,0,0,0,0,255,0
139850,0,0,0,0,255,0
139900,0,0,0,0,255,0
139950,0,0,0,0,255,0
140000,0,0,0,255,255,0
140050,0,0,0,255,255,0
140100,0,0,0,255,255,0
140150,0,0,0,255,255,0
140200,0,0,0,255,255,0
140250,0,0,0,255,255,0
140300,0,0,0,255,255,0
140350,0,0,0,255,255,0
140400,0,0,0,255,255,0
140450,0,0,0,255,255,0
140500,0,0,0,0,255,0
140550,0,0,0,0,255,0
140600,0,0,0,0,255,0
140650,255,0,0,0,255,0
140700,255,0,0,0,255,0
140750,255,0,0,0,255,0
140800,255,0,0,0,255,0
140850,255,0,0,0,255,0
140900,255,0,0,0,255,0
140950,255,0,0,0,255,0
141000,255,0,0,0,255,0
141050,255,0,0,0,255,0
141100,255,0,0,0,255,0
141150,255,255,0,0,255,0
141200,0,255,0,0,255,0
141250,0,255,0,0,255,0
141300,0,255,0,0,255,0
141350,0,255,0,0,255,0
141400,0,255,0,0,255,0
141450,0,255,0,0,255,0
141500,0,255,0,0,255,0
141550,0,255,255,0,255,0
141600,0,0,255,0,255,0
141650,0,0,255,0,255,0
141700,0,0,255,0,255,0
141750,0,0,255,0,255,0
141800,0,0,255,0,255,0
141850,0,0,255,0,255,0
141900,0,0,255,0,255,0
141950,0,0,0,255,255,0
142000,0,0,0,255,255,0
142050,0,0,0,255,255,0
142100,0,0,0,255,255,0
142150,0,0,0,255,255,0
142200,0,0,0,255,255,0
142250,0,0,0,255,255,0
142300,0,0,0,255,255,0
142350,0,0,0,255,255,0
142400,0,0,0,255,255,0
142450,0,0,0,255,255,0
142500,0,0,0,255,255,0
142550,0,0,0,255,255,0
142600,0,0,0,0,255,0
142650,0,0,0,0,255,0
142700,0,0,0,0,255,0
142750,0,0,0,0,255,0
142800,0,0,0,0,255,0
142850,0,0,0,0,255,0
142900,0,0,0,0,255,0
142950,0,0,0,0,255,0
143000,0,0,0,0,255,0
143050,0,0,0,0,255,0
143100,0,0,0,0,255,0
143150,0,0,0,0,255,0
143200,0,0,0,0,255,0
143250,0,0,0,0,255,0
143300,0,0,0,0,255,0
143350,0,0,0,0,255,0
143400,0,0,0,0,255,0
143450,0,0,0,0,255,0
143500,0,0,0,0,255,0
143550,0,0,0,0,255,0
143600,0,0,0,0,255,0
143650,0,0,0,0,255,0
143700,0,0,0,0,255,0
143750,0,0,0,0,255,0
143800,0,0,0,0,255,0
143850,0,0,0,0,255,0
143900,0,0,0,0,255,0
143950,0,0,0,0,255,0
144000,0,0,0,0,255,0
144050,0,0,0,0,255,0
144100,0,0,0,0,255,0
144150,0,0,0,0,255,0
144200,0,0,0,0,255,0
144250,0,0,0,0,255,0
144300,0,0,0,0,255,0
144350,0,0,0,0,255,0
144400,0,0,0,0,255,0
144450,0,0,0,0,255,0
144500,0,0,0,0,255,0
144550,0,0,0,0,255,0
144600,0,0,0,0,255,0
144650,0,0,0,0,255,0
144700,0,0,0,0,255,0
144750,0,0,0,0,255,0
144800,0,0,0,0,255,0
144850,0,0,0,0,255,0
144900,0,0,0,0,255,0
144950,0,0,0,0,255,0
145000,0,0,0,0,255,0
145050,0,0,0,0,255,0
145100,0,0,0,0,255,0
145150,0,0,0,0,255,0
145200,0,0,0,0,255,0
145250,0,0,0,0,255,0
145300,0,0,0,0,255,0
145350,0,0,0,0,255,0
145400,0,0,0,0,255,0
145450,0,0,0,0,255,0
145500,0,0,0,0,255,0
145550,0,0,0,0,255,0
145600,0,0,0,0,255,0
145650,0,0,0,0,255,0
145700,0,0,0,0,255,0
145750,0,0,0,0,255,0
145800,0,0,0,0,255,0
145850,0,0,0,0,255,0
145900,0,0,0,0,255,0
145950,0,0,0,0,255,0
146000,0,0,0,0,255,0
146050,0,0,0,0,255,0
146100,0,0,0,0,255,0
146150,0,0,0,0,255,0
146200,0,0,0,0,255,0
146250,0,0,0,0,255,0
146300,0,0,0,0,255,0
146350,0,0,0,0,255,0
146400,0,0,0,0,0,0
146450,0,0,0,0,0,0
146500,0,0,0,0,0,0
146550,0,0,0,0,0,0
146600,0,0,0,0,0,0
146650,0,0,0,0,0,0
146700,0,0,0,0,0,0
146750,0,0,0,0,0,0
146800,0,0,0,0,0,0
146850,0,0,0,0,0,0
146900,0,0,0,0,0,0
146950,0,0,0,0,0,0
147000,0,0,0,0,0,0
147050,0,0,0,0,0,0
147100,0,0,0,0,0,0
147150,0,0,0,0,0,0
147200,0,0,0,0,0,0
147250,0,0,0,0,255,0
147300,0,0,0,0,255,0
147350,0,0,0,0,255,0
147400,0,0,0,0,255,0
147450,0,0,0,0,255,0
147500,0,0,0,0,255,0
147550,0,0,0,0,255,0
147600,0,0,0,0,255,0
147650,0,0,0,0,255,0
147700,0,0,0,0,255,0
147750,0,0,0,0,255,0
147800,0,0,0,0,255,0
147850,0,0,0,0,255,0
147900,0,0,0,0,255,0
147950,0,0,0,0,255,0
148000,0,0,0,0,255,0
148050,0,0,0,0,255,0
148100,0,0,0,0,255,0
148150,0,0,0,0,255,0
148200,0,0,0,0,255,0
148250,0,0,0,0,255,0
148300,0,0,0,0,255,0
148350,0,0,0,0,255,0
148400,0,0,0,0,255,0
148450,0,0,0,0,255,0
148500,0,0,0,0,255,0
148550,0,0,0,0,255,0
148600,0,0,0,0,255,0
148650,0,0,0,0,255,0
148700,0,0,0,0,255,0
148750,0,0,0,0,255,0
148800,0,0,0,0,255,0
148850,0,0,0,0,255,0
148900,0,0,0,0,255,0
148950,0,0,0,0,255,0
149000,0,0,0,0,255,0
149050,0,0,0,0,255,0
149100,0,0,0,0,255,0
149150,0,0,0,0,255,0
149200,0,0,0,0,255,0
149250,0,0,0,0,255,0
149300,0,0,0,0,255,0
149350,0,0,0,0,255,0
149400,0,0,0,0,255,0
149450,0,0,0,0,0,0
149500,0,0,0,0,0,0
149550,0,0,0,0,0,0
149600,0,0,0,0,0,0
149650,0,0,0,0,0,0
149700,0,0,0,0,0,0
149750,0,0,0,0,0,0
149800,0,0,0,0,0,0
149850,0,0,0,0,0,0
149900,0,0,0,0,0,0
149950,0,0,0,0,0,0
150000,0,0,0,0,0,0
150050,0,0,0,0,0,0
150100,0,0,0,0,0,0
150150,0,0,0,0,0,0
150200,0,0,0,0,0,0
150250,0,0,0,0,0,0
150300,0,0,0,0,0,0
150350,0,0,0,0,0,0
150400,0,0,0,255,0,0
150450,0,0,0,255,0,0
150500,0,0,0,255,0,0
150550,0,0,0,255,0,0
150600,0,0,0,255,0,0
150650,0,0,0,255,0,0
150700,0,0,0,255,0,0
150750,0,0,0,255,0,0
150800,0,0,0,255,0,0
150850,0,0,0,255,0,0
150900,0,0,0,255,0,0
150950,0,0,0,255,0,0
151000,0,0,0,255,0,0
151050,0,0,0,255,0,0
151100,0,0,0,255,0,0
151150,0,0,0,255,0,0
151200,0,0,0,255,0,0
151250,0,0,0,255,0,0
151300,0,0,0,255,0,0
151350,0,0,0,255,0,0
151400,0,0,0,255,0,0
151450,0,0,0,255,0,0
151500,0,0,0,255,0,0
151550,0,0,0,255,0,0
151600,0,0,0,255,0,0
151650,0,0,0,255,0,0
151700,0,0,0,255,0,0
151750,0,0,0,255,0,0
151800,0,0,0,255,0,0
151850,0,0,0,255,0,0
151900,0,0,0,255,0,0
151950,0,0,0,255,0,0
152000,0,0,0,255,0,0
152050,0,0,0,255,0,0
152100,0,0,0,255,0,0
152150,0,0,0,255,0,0
152200,0,0,0,0,0,0
152250,0,0,0,0,0,0
152300,0,0,0,0,0,0
152350,0,0,0,0,0,0
152400,0,0,0,0,0,0
152450,0,0,0,0,0,0
152500,0,0,0,0,0,0
152550,0,0,0,0,0,0
152600,0,0,0,0,0,0
152650,0,0,0,0,0,0
152700,0,0,0,0,0,0
152750,0,0,0,0,0,0
152800,0,0,0,0,0,0
152850,255,0,0,0,0,0
152900,255,0,0,0,0,0
152950,255,0,0,0,0,0
153000,255,0,0,0,0,0
153050,255,0,0,0,0,0
153100,255,0,0,0,0,0
153150,255,0,0,0,0,0
153200,255,0,0,0,0,0
153250,255,0,0,0,0,0
153300,255,0,0,0,0,0
153350,255,0,0,0,0,0
153400,255,0,0,0,0,0
153450,255,0,0,0,0,0
153500,255,0,0,0,0,0
153550,255,0,0,0,0,0
153600,255,0,0,0,0,0
153650,255,0,0,0,0,0
153700,255,0,0,0,0,0
153750,255,0,0,0,0,0
153800,255,0,0,0,0,0
153850,255,0,0,0,0,0
153900,255,0,0,0,0,0
153950,255,0,0,0,0,0
154000,255,0,0,0,0,0
154050,255,0,0,0,0,0
154100,255,0,0,0,0,0
154150,255,0,0,0,0,0
154200,255,0,0,0,0,0
154250,255,0,0,0,0,0
154300,255,0,0,0,0,0
154350,255,0,0,0,0,0
154400,255,0,0,0,0,0
154450,255,0,0,0,0,0
154500,255,0,0,0,0,0
154550,255,0,0,0,0,0
154600,255,0,0,0,0,0
154650,255,0,0,0,0,0
154700,255,0,0,0,0,0
154750,255,255,0,0,0,0
154800,255,255,0,0,0,0
154850,255,255,0,0,0,0
154900,255,255,0,0,0,0
154950,255,255,0,0,0,0
155000,255,255,0,0,0,0
155050,255,255,0,0,0,0
155100,255,255,0,0,0,0
155150,255,255,0,0,0,0
155200,255,255,0,0,0,0
155250,255,255,0,0,0,0
155300,255,255,0,0,0,0
155350,255,255,0,0,0,0
155400,255,255,0,0,0,0
155450,255,255,0,0,0,0
155500,255,255,0,0,0,0
155550,255,255,0,0,0,0
155600,255,255,0,0,0,0
155650,255,255,0,0,0,0
155700,255,255,0,0,0,0
155750,255,255,0,0,0,0
155800,255,255,0,0,0,0
155850,255,255,0,0,0,0
155900,255,255,0,0,0,0
155950,255,255,0,0,0,0
156000,255,255,0,0,0,0
156050,255,255,0,0,0,0
156100,255,255,0,0,0,0
156150,255,255,0,0,0,0
156200,255,255,0,0,0,0
156250,255,255,0,0,0,0
156300,255,255,0,0,0,0
156350,255,255,0,0,0,0
156400,255,255,0,0,0,0
156450,0,255,0,0,0,0
156500,0,0,0,0,0,0
156550,0,0,0,0,0,0
156600,0,0,0,0,0,0
156650,0,0,0,0,0,0
156700,0,0,0,0,0,0
156750,0,0,0,0,0,0
156800,0,0,0,0,0,0
156850,0,0,0,0,0,0
156900,0,0,0,0,0,0
156950,0,0,0,0,0,0
157000,0,0,0,0,0,0
157050,0,0,0,0,0,0
157100,0,0,0,0,0,0
157150,0,0,0,0,0,0
157200,0,0,0,0,0,0
157250,0,0,0,0,0,0
157300,0,0,0,0,0,0
157350,0,0,0,0,0,0
157400,0,0,0,0,0,0
157450,0,0,0,0,0,0
157500,0,0,0,0,0,0
157550,0,0,0,0,0,0
157600,0,0,0,0,0,0
157650,0,0,0,0,0,0
157700,0,0,0,0,0,0
157750,0,0,0,0,0,0
157800,0,0,0,0,0,0
157850,0,0,0,0,0,0
157900,0,0,0,0,0,0
157950,0,0,255,0,0,0
158000,0,0,255,0,0,0
158050,0,0,255,0,0,0
158100,0,0,255,0,0,0
158150,0,0,255,0,0,0
158200,0,0,255,0,0,0
158250,0,0,255,0,0,0
158300,0,0,255,0,0,0
158350,0,0,255,0,0,0
158400,0,0,255,0,0,0
158450,0,0,255,0,0,0
158500,0,0,255,0,0,0
158550,0,0,255,0,0,0
158600,0,0,255,0,0,0
158650,0,0,255,0,0,0
158700,0,0,255,255,0,0
158750,0,0,255,255,0,0
158800,0,0,255,255,0,0
158850,0,0,255,255,0,0
158900,0,0,255,255,0,0
158950,0,0,255,255,0,0
159000,0,0,255,255,255,0
159050,0,0,255,255,255,0
159100,0,0,255,255,255,0
159150,0,0,255,255,255,0
159200,0,0,255,255,255,0
159250,0,0,255,255,255,0
159300,0,0,255,255,255,0
159350,0,0,255,255,255,0
159400,0,0,255,255,255,0
159450,0,0,255,255,255,0
159500,0,0,255,255,255,0
159550,0,0,255,255,255,0
159600,0,0,255,255,255,0
159650,0,0,255,255,255,0
159700,0,0,255,255,255,0
159750,0,0,255,255,255,0
159800,0,0,255,255,255,0
159850,0,0,255,255,255,0
159900,0,0,255,255,255,0
159950,0,0,255,255,255,0
160000,0,0,255,255,255,0
160050,0,0,255,255,255,0
160100,0,0,255,255,255,0
160150,0,0,255,255,255,0
160200,0,0,255,255,255,0
160250,0,0,255,255,255,0
160300,0,0,255,255,255,0
160350,0,0,255,255,255,0
160400,0,0,255,255,255,0
160450,0,0,255,255,255,0
160500,0,0,255,255,255,0
160550,0,0,255,255,255,0
160600,0,0,255,255,255,0
160650,0,0,255,255,255,0
160700,0,0,255,255,255,0
160750,0,0,255,255,255,0
160800,0,0,255,255,255,0
160850,0,0,255,255,255,0
160900,0,0,255,255,255,0
160950,0,0,255,255,255,0
161000,0,0,255,255,255,0
161050,0,0,255,255,255,0
161100,0,0,255,255,255,0
161150,0,0,255,255,255,0
161200,0,0,255,255,255,0
161250,0,0,255,255,255,0
161300,0,0,255,255,255,0
161350,0,0,255,255,255,0
161400,0,0,255,255,255,0
161450,0,0,255,255,255,0
161500,0,0,255,255,255,0
161550,0,0,255,255,255,0
161600,0,0,255,255,255,0
161650,0,0,255,255,255,0
161700,0,0,255,255,255,0
161750,0,0,255,255,255,0
161800,0,0,255,255,255,0
161850,0,0,255,255,255,0
161900,0,255,255,255,255,0
161950,0,255,255,255,255,0
162000,0,255,255,255,255,0
162050,0,255,255,255,255,0
162100,0,255,255,255,255,0
162150,0,255,255,255,255,0
162200,0,255,255,255,255,0
162250,0,255,255,255,255,0
162300,255,255,255,255,255,0
162350,255,255,255,255,255,0
162400,255,255,255,255,255,0
162450,255,255,255,255,255,0
162500,255,255,255,255,255,0
162550,255,255,255,255,255,0
162600,255,255,255,255,255,0
162650,255,255,255,255,255,0
162700,255,255,255,255,255,0
162750,255,255,255,255,255,0
162800,255,255,255,255,255,0
162850,255,255,255,255,255,0
162900,255,255,255,255,255,0
162950,255,255,255,255,255,0
163000,255,255,255,255,255,0
163050,255,255,255,255,255,0
163100,0,0,0,0,255,0
163150,0,0,0,0,0,0
163200,0,0,0,0,0,0
163250,0,0,0,0,0,0
163300,0,0,0,0,0,0
163350,0,0,0,0,0,0
163400,0,0,0,0,0,0
163450,0,0,0,0,0,0
163500,0,0,0,0,0,0
163550,0,0,0,0,0,0
163600,0,0,0,0,0,0
163650,0,0,0,0,0,0
163700,0,0,0,0,0,0
163750,255,0,0,0,0,0
163800,255,0,0,0,0,0
163850,255,0,0,0,0,0
163900,255,0,0,0,0,0
163950,255,0,0,0,0,0
164000,255,0,0,0,0,0
164050,255,0,0,0,0,0
164100,255,0,0,0,0,0
164150,255,0,0,0,0,0
164200,255,0,0,0,0,0
164250,255,0,0,0,0,0
164300,255,0,0,0,0,0
164350,255,0,0,0,0,0
164400,255,0,0,0,0,0
164450,255,0,0,0,0,0
164500,255,0,0,0,0,0
164550,255,0,0,0,0,0
164600,255,0,0,0,0,0
164650,255,0,0,0,0,0
164700,255,0,0,0,0,0
164750,255,0,0,0,0,0
164800,255,0,0,0,0,0
164850,255,0,0,0,0,0
164900,255,0,0,0,0,0
164950,255,0,0,0,0,0
165000,255,0,0,0,0,0
165050,255,0,0,0,0,0
165100,255,0,0,0,0,0
165150,255,0,0,0,0,0
165200,255,0,0,0,0,0
165250,255,0,0,0,0,0
165300,255,0,0,0,255,0
165350,255,0,0,0,255,0
165400,255,0,0,0,255,0
165450,255,0,0,0,255,0
165500,255,0,0,0,255,0
165550,255,0,0,0,255,0
165600,255,0,0,0,255,0
165650,255,0,0,0,255,0
165700,255,0,0,0,255,0
165750,255,0,0,0,255,0
165800,255,0,0,0,255,0
165850,255,0,0,0,255,0
165900,255,0,0,0,255,0
165950,255,0,0,0,255,0
166000,255,0,0,0,255,0
166050,255,0,0,0,255,0
166100,255,0,0,0,255,0
166150,255,0,0,0,255,0
166200,255,0,0,0,255,0
166250,255,0,0,0,255,0
166300,255,0,0,0,255,0
166350,255,0,0,0,255,0
166400,255,0,0,0,255,0
166450,255,0,0,0,255,0
166500,255,0,0,0,255,0
166550,255,0,0,0,255,0
166600,255,0,0,0,255,0
166650,255,0,0,0,255,0
166700,255,0,0,0,255,0
166750,255,0,0,0,255,0
166800,255,0,255,0,255,0
166850,255,0,255,0,255,0
166900,255,0,255,0,255,0
166950,255,0,255,0,255,0
167000,255,0,255,0,255,0
167050,255,0,255,0,255,0
167100,255,0,255,0,255,0
167150,255,0,255,0,255,0
167200,255,0,255,0,255,0
167250,255,0,255,0,255,0
167300,255,0,255,0,255,0
167350,255,0,255,0,255,0
167400,255,0,255,0,255,0
167450,255,0,255,0,255,0
167500,255,0,255,0,255,0
167550,255,0,255,0,255,0
167600,255,0,255,0,255,0
167650,255,0,255,0,255,0
167700,255,0,255,0,255,0
167750,255,0,255,0,255,0
167800,255,0,255,0,255,0
167850,255,0,255,0,255,0
167900,255,0,255,0,255,0
167950,255,0,255,0,255,0
168000,255,0,255,0,255,0
168050,255,0,255,0,255,0
168100,255,0,255,0,255,0
168150,255,0,255,0,255,0
168200,255,0,255,0,255,0
168250,255,0,255,0,255,0
168300,255,0,255,0,255,0
168350,255,0,255,0,255,0
168400,255,0,255,0,255,0
168450,255,0,255,0,255,0
168500,255,0,255,0,255,0
168550,255,0,255,0,255,0
168600,255,0,255,0,255,0
168650,255,0,255,0,255,0
168700,255,255,255,0,255,0
168750,255,255,255,0,255,0
168800,255,255,255,0,255,0
168850,255,255,255,0,255,0
168900,255,255,255,0,255,0
168950,255,255,255,0,255,0
169000,255,255,255,0,255,0
169050,255,255,255,0,255,0
169100,255,255,255,0,255,0
169150,255,255,255,0,255,0
169200,255,255,255,0,255,0
169250,255,255,255,0,255,0
169300,255,255,255,0,255,0
169350,255,255,255,0,255,0
169400,255,255,255,0,255,0
169450,255,255,255,0,255,0
169500,255,255,255,0,255,0
169550,255,255,255,0,255,0
169600,255,255,255,0,255,0
169650,255,255,255,0,255,0
169700,255,255,255,0,255,0
169750,255,255,255,0,255,0
169800,255,255,255,0,255,0
169850,255,255,255,0,255,0
169900,255,255,255,0,255,0
169950,255,255,255,0,255,0
170000,255,255,255,0,255,0
170050,255,255,255,0,255,0
170100,255,255,255,0,255,0
170150,255,255,255,0,255,0
170200,255,255,255,0,255,0
170250,255,255,255,0,255,0
170300,255,255,255,0,255,0
170350,255,255,255,0,255,0
170400,255,255,255,0,255,0
170450,255,255,255,0,255,0
170500,255,255,255,0,255,0
170550,255,255,255,0,255,0
170600,255,255,255,0,255,0
170650,255,255,255,0,255,0
170700,255,255,255,0,255,0
170750,255,255,255,0,255,0
170800,255,255,255,0,255,0
170850,255,255,255,0,255,0
170900,255,255,255,0,255,0
170950,255,255,255,0,255,0
171000,255,255,255,0,255,0
171050,255,255,255,0,255,0
171100,255,255,255,0,255,0
171150,255,255,255,0,255,0
171200,255,255,255,0,255,0
171250,255,255,255,0,255,0
171300,255,255,255,0,255,0
171350,255,255,255,0,255,0
171400,255,255,255,0,255,0
171450,255,255,255,0,255,0
171500,255,255,255,0,255,0
171550,255,255,255,0,255,0
171600,255,255,255,0,255,0
171650,255,255,255,0,255,0
171700,255,255,255,0,255,0
171750,255,255,255,0,255,0
171800,255,255,255,0,255,0
171850,255,255,255,0,255,0
171900,255,255,255,0,255,0
171950,255,255,255,0,255,0
172000,255,255,255,0,255,0
172050,255,255,255,0,255,0
172100,255,255,255,0,255,0
172150,255,255,255,0,255,0
172200,255,255,255,255,255,0
172250,255,255,255,255,255,0
172300,255,255,255,255,255,0
172350,255,255,255,255,255,0
172400,255,255,255,255,255,0
172450,255,255,255,255,255,0
172500,255,255,255,255,255,0
172550,255,255,255,255,255,0
172600,255,255,255,255,255,0
172650,255,255,255,255,255,0
172700,255,255,255,255,255,0
172750,255,255,255,255,255,0
172800,255,255,255,255,255,0
172850,255,255,255,255,255,0
172900,255,255,255,255,255,0
172950,255,255,255,255,255,0
173000,255,255,255,255,255,0
173050,255,255,255,255,255,0
173100,255,255,255,255,255,0
173150,255,255,255,255,255,0
173200,255,255,255,255,255,0
173250,255,255,255,255,255,0
173300,255,255,255,255,255,0
173350,255,255,255,255,255,0
173400,255,255,255,255,255,0
173450,255,255,255,255,255,0
173500,255,255,255,255,255,0
173550,255,255,255,255,255,0
173600,255,255,255,255,255,0
173650,255,255,255,255,255,0
173700,255,255,255,255,255,0
173750,255,255,255,255,255,0
173800,255,255,255,255,255,0
173850,255,255,255,255,255,0
173900,255,255,255,255,255,0
173950,255,255,255,255,255,0
174000,255,255,255,255,255,0
174050,255,255,255,255,255,0
174100,255,255,255,255,255,0
174150,255,255,255,255,255,0
174200,255,255,255,255,255,0
174250,255,255,255,255,255,0
174300,255,255,255,255,255,0
174350,255,255,255,255,255,0
174400,255,255,255,255,255,0
174450,255,255,255,255,255,0
174500,255,255,255,255,255,0
174550,255,255,255,255,255,0
174600,255,255,255,255,255,0
174650,255,255,255,255,255,0
174700,255,255,255,255,255,0
174750,255,255,255,255,255,0
174800,255,255,255,255,255,0
174850,255,255,255,255,255,0
174900,255,255,255,255,255,0
174950,255,255,255,255,255,0
175000,255,255,255,255,255,0
175050,255,255,255,255,255,0
175100,255,255,255,255,255,0
175150,255,255,255,255,255,0
175200,255,255,255,255,255,0
175250,255,255,255,255,255,0
175300,255,255,255,255,255,0
175350,255,255,255,255,255,0
175400,255,255,255,255,255,0
175450,255,255,255,255,255,0
175500,255,255,255,255,255,0
175550,255,255,255,255,255,0
175600,255,255,255,255,255,0
175650,255,255,255,255,255,0
175700,255,255,255,255,255,0
175750,255,255,255,255,255,0
175800,255,255,255,255,255,0
175850,255,255,255,255,255,0
175900,255,255,255,255,255,0
175950,255,255,255,255,255,0
176000,255,255,255,255,255,0
176050,255,255,255,255,255,0
176100,255,255,255,255,255,0
176150,255,255,255,255,255,0
176200,255,255,255,255,255,0
176250,255,255,255,255,255,0
176300,255,255,255,255,255,0
176350,255,255,255,255,255,0
176400,255,255,255,255,255,0
176450,255,255,255,255,255,0
176500,255,255,255,255,255,0
176550,255,255,255,255,255,0
176600,255,255,255,255,255,0
176650,255,255,255,255,255,0
176700,255,255,255,255,255,0
176750,255,255,255,255,255,0
176800,255,255,255,255,255,0
176850,255,255,255,255,255,0
176900,255,255,255,255,255,0
176950,255,255,255,255,255,0
177000,255,255,255,255,255,0
177050,255,255,255,255,255,0
177100,255,255,255,255,0,0
177150,0,0,0,0,0,0
177200,0,0,0,0,0,0
177250,0,0,0,0,0,0
177300,0,0,0,0,0,0
177350,0,0,0,0,0,0
177400,0,0,0,0,0,0
177450,0,0,0,0,0,0
177500,0,0,0,0,0,0
177550,0,0,0,0,0,0
177600,0,0,0,0,0,0
177650,0,0,0,0,0,0
177700,0,0,0,0,0,0
177750,0,0,0,0,0,0
177800,0,0,0,0,0,0
177850,0,0,0,0,0,0
177900,0,0,0,0,0,0
177950,0,0,0,0,0,0
178000,0,0,0,0,0,0
178050,0,0,0,0,0,0
178100,0,0,0,0,0,0
178150,0,0,0,0,0,0
178200,0,0,0,0,0,0
178250,0,0,0,0,0,0
178300,0,0,0,0,0,0
178350,0,0,0,0,0,0
178400,0,0,0,0,0,0
178450,0,0,0,0,0,0
178500,0,0,0,0,0,0
178550,0,0,0,0,0,0
178600,0,0,0,0,0,0
178650,0,0,0,0,0,0
178700,0,0,0,0,0,0
178750,0,0,0,0,0,0
178800,0,0,0,0,0,0
178850,0,0,0,0,0,0
178900,0,0,0,0,0,0
178950,0,0,0,0,0,0
179000,0,0,0,0,0,0
179050,0,0,0,0,0,0
179100,0,0,0,0,0,0
179150,0,0,0,0,0,0
179200,0,0,0,0,0,0
179250,0,0,0,0,0,0
179300,0,0,0,0,0,0
179350,0,0,0,0,0,0
179400,0,0,0,0,0,0
179450,0,0,0,0,0,0
179500,0,0,0,0,0,0
179550,0,0,0,0,0,0
179600,0,0,0,0,0,0
179650,0,0,0,0,0,0
179700,0,0,0,0,0,0
179750,0,0,0,0,0,0
179800,0,0,0,0,0,0
179850,0,0,0,0,0,0
179900,0,0,0,0,0,0
179950,0,0,0,0,0,0
180000,0,0,0,0,0,0
180050,0,0,0,0,0,0
180100,END,,,,,